,NetflixIds
2,3
81,7
117,12
137,18
144,20
149,22
156,24
172,26
185,30
203,37
208,42
221,45
250,47
273,50
275,52
279,55
314,57
334,58
345,63
356,65
367,74
368,75
384,77
403,78
418,79
436,80
439,82
442,83
444,84
449,86
456,89
480,90
483,93
485,95
490,99
496,102
498,104
556,108
582,110
640,116
642,117
647,118
655,123
664,124
689,125
714,127
717,128
719,130
727,134
730,137
741,143
940,145
946,148
948,150
954,152
959,155
965,156
976,158
978,159
982,161
990,164
1004,165
1006,166
1087,167
1090,168
1092,170
1176,171
1274,173
1276,175
1288,177
1345,177
1361,178
1423,181
1445,186
1447,187
1454,189
1457,190
1464,191
1470,193
1474,197
1476,199
1483,200
1486,201
1509,204
1517,212
1609,225
1614,228
1617,231
1618,232
1624,235
1633,240
1646,241
1653,243
1675,245
1676,246
1684,247
1687,249
1721,250
1724,252
1727,253
1741,254
1746,257
1755,258
1761,259
1824,261
1825,262
1829,266
1831,268
1883,269
1920,273
1982,274
1984,275
2011,281
2067,285
2069,286
2077,289
2120,294
2194,295
2197,297
2199,299
2207,303
2215,305
2304,309
2321,311
2329,312
2339,313
2363,319
2369,320
2382,321
2383,322
2391,329
2405,330
2436,331
2441,334
2444,335
2451,336
2481,337
2534,344
2580,348
2583,349
2596,351
2599,353
2648,357
2649,358
2654,360
2708,362
2713,363
2729,369
2735,371
2738,372
2747,374
2753,378
2760,380
2771,381
2775,383
2782,384
2974,385
2976,386
2978,388
2986,390
3026,393
3029,395
3034,397
3035,398
3048,400
3049,401
3055,404
3062,405
3071,406
3073,406
3181,407
3185,408
3191,410
3319,413
3368,416
3552,422
3559,424
3640,426
3643,427
3666,429
3672,433
3675,435
3676,436
3690,439
3699,442
3700,443
3701,444
3702,445
3708,446
3727,453
3730,455
3732,457
3744,459
3745,460
3753,467
3758,470
3759,471
3782,473
3790,475
3811,482
3820,483
3825,486
3843,489
3846,491
3849,492
3852,495
3863,499
3885,501
3889,505
3892,507
3894,508
3897,511
3899,513
3906,516
3907,517
3913,518
3915,519
3942,523
3943,524
3944,525
3947,526
3974,527
3976,528
3981,529
3982,530
3984,532
3985,533
3989,535
4016,542
4046,547
4047,548
4052,549
4054,550
4055,551
4062,552
4063,553
4068,554
4074,556
4075,557
4108,561
4119,562
4120,563
4123,564
4131,566
4149,567
4151,569
4168,570
4312,571
4323,573
4325,574
4338,578
4374,583
4382,585
4396,586
4406,591
4407,592
4428,599
4443,602
4456,607
4527,608
4531,612
4545,614
4548,615
4549,615
4566,621
4598,622
4602,626
4603,627
4604,628
4605,629
4621,630
4624,631
4656,632
4657,633
4664,636
4682,638
4699,641
4708,643
4711,645
4714,646
4715,647
4724,652
4734,658
4740,659
4747,660
4781,662
4792,664
4795,665
4854,674
4857,676
4862,678
4864,680
4868,681
4870,682
4878,685
4902,686
4911,689
4913,691
4915,692
4930,693
4988,695
5013,696
5135,705
5139,706
5153,707
5393,708
5424,716
5426,717
5433,719
5435,720
5436,721
5438,723
5442,725
5443,726
5454,731
5468,733
5475,734
5514,739
5541,743
5542,744
5544,746
5564,749
5570,754
5572,755
5603,758
5643,760
5644,761
5648,763
5718,766
5725,767
5728,768
5732,769
5740,770
5744,773
5772,785
5773,786
5776,788
5782,789
5787,794
5809,797
5820,798
5856,800
5859,802
5883,803
5887,806
5892,807
5896,808
5899,809
5901,810
5948,811
5955,815
5957,816
5958,817
5968,818
5979,819
5984,821
5997,823
5999,824
6008,825
6013,828
6042,828
6048,830
6052,831
6072,832
6073,833
6078,838
6080,840
6082,841
6086,842
6088,843
6094,846
6099,849
6100,850
6101,851
6105,852
6114,856
6115,857
6117,859
6127,862
6154,872
6158,873
6160,875
6163,877
6166,879
6170,883
6202,884
6204,886
6226,892
6228,894
6272,895
6274,896
6360,900
6368,902
6408,903
6503,905
6526,907
6565,910
6568,911
6624,919
6633,921
6639,925
6646,928
6647,929
6648,930
6653,931
6674,934
6686,937
6806,940
6852,942
6861,945
6862,946
6863,947
6865,948
6866,949
6870,952
6871,953
6875,954
6877,955
6879,956
6883,960
6905,961
6917,962
6954,963
6965,966
6968,969
6970,970
6978,971
6981,974
6983,975
6984,976
6985,977
6986,978
6988,979
6989,980
6993,981
6994,982
6996,983
7051,984
7055,985
7101,986
7185,988
7186,989
7188,990
7195,992
7206,993
7257,994
7268,996
7272,997
7274,999
7299,1001
7303,1004
7314,1009
7318,1011
7327,1012
7347,1014
7356,1014
7368,1016
7378,1021
7388,1024
7389,1025
7390,1026
7396,1027
7413,1032
7437,1035
7474,1039
7479,1043
7486,1044
7690,1046
7695,1049
7698,1051
7704,1055
7707,1056
7713,1060
7722,1062
7732,1065
7813,1067
7823,1068
7830,1070
7835,1073
7837,1074
7841,1075
7860,1077
7916,1083
7924,1085
7927,1087
7940,1091
7948,1094
7953,1096
7957,1099
7961,1100
7963,1102
8091,1104
8096,1105
8110,1110
8113,1112
8122,1116
8244,1116
8278,1117
8281,1118
8295,1123
8299,1124
8429,1128
8430,1129
8435,1130
8457,1133
8459,1135
8460,1136
8529,1138
8537,1140
8539,1142
8541,1143
8555,1144
8557,1145
8576,1148
8593,1151
8638,1152
8664,1157
8674,1160
8727,1162
8728,1163
8762,1172
8768,1174
8773,1175
8781,1176
8783,1178
8784,1179
8785,1180
8792,1182
8831,1186
8835,1187
8851,1191
8883,1193
8910,1194
8976,1200
8979,1201
9043,1202
9046,1204
9051,1207
9057,1209
9060,1211
9063,1214
9065,1215
9083,1216
9104,1218
9131,1219
9134,1220
9154,1221
9183,1224
9185,1226
9189,1229
9254,1232
9291,1233
9292,1234
9294,1236
9296,1238
9314,1240
9321,1244
9325,1245
9370,1250
9373,1252
9375,1253
9376,1254
9398,1258
9417,1262
9470,1265
9471,1266
9472,1267
9475,1269
9492,1271
9494,1272
9511,1278
9561,1289
9564,1292
9570,1294
9586,1295
9598,1296
9604,1297
9606,1299
9609,1301
9610,1302
9611,1303
9614,1304
9618,1305
9661,1307
9669,1308
9679,1310
9860,1314
9869,1317
9879,1318
9880,1319
9894,1320
9897,1323
9955,1327
9980,1329
10094,1333
10291,1336
10356,1338
10386,1343
10395,1346
10398,1348
10425,1353
10428,1354
10448,1359
10452,1363
10499,1365
10501,1366
10537,1367
10572,1370
10579,1371
10583,1372
10584,1373
10608,1375
10624,1381
10637,1383
10639,1384
10649,1385
10655,1387
10703,1388
10714,1394
10717,1395
10753,1401
10763,1406
10777,1407
10782,1408
10788,1413
10789,1414
10853,1420
10854,1421
10858,1424
10862,1425
10976,1426
11012,1427
11016,1428
11069,1432
11070,1432
11087,1446
11089,1447
11091,1449
11092,1450
11093,1451
11095,1452
11158,1459
11162,1463
11163,1464
11165,1466
11176,1469
11177,1470
11179,1471
11183,1475
11192,1477
11200,1479
11203,1481
11204,1482
11211,1484
11218,1485
11220,1487
11225,1492
11238,1501
11244,1502
11288,1503
11339,1504
11356,1505
11357,1505
11358,1505
11359,1505
11513,1514
11540,1518
11556,1521
11574,1522
11576,1524
11578,1525
11584,1526
11587,1528
11597,1531
11622,1532
11624,1533
11630,1536
11631,1537
11632,1538
11634,1540
11638,1542
11646,1543
11665,1547
11785,1556
11794,1557
11814,1558
11819,1561
11828,1564
11850,1568
11918,1571
11947,1573
11948,1574
11951,1576
11953,1578
11957,1580
11972,1583
11978,1585
12008,1587
12019,1589
12047,1590
12060,1595
12088,1596
12102,1602
12123,1604
12130,1605
12197,1607
12220,1612
12227,1615
12233,1617
12255,1619
12260,1624
12263,1627
12269,1631
12270,1632
12272,1633
12277,1634
12278,1635
12290,1637
12621,1638
12858,1643
12861,1645
12862,1645
12873,1646
12885,1649
12909,1651
12914,1655
12928,1657
12932,1659
12937,1661
12949,1666
12957,1671
12965,1673
12973,1677
12983,1678
12999,1681
13000,1682
13010,1684
13011,1685
13014,1688
13021,1693
13032,1695
13090,1700
13094,1701
13096,1703
13165,1706
13223,1707
13224,1708
13240,1709
13271,1711
13298,1718
13300,1719
13303,1721
13304,1722
13319,1723
13352,1732
13363,1738
13364,1739
13395,1740
13415,1743
13427,1744
13435,1747
13437,1749
13444,1754
13456,1756
13467,1757
13565,1760
13653,1761
13655,1763
13657,1765
13673,1771
13674,1772
13679,1776
13682,1777
13683,1778
13687,1782
13688,1783
13695,1784
13741,1786
13745,1790
13756,1791
13759,1792
13809,1794
13813,1797
13818,1798
13839,1802
13842,1804
13846,1807
13864,1809
13865,1810
13871,1814
13903,1815
13904,1816
13907,1819
13910,1821
13912,1822
13933,1824
13934,1825
13998,1827
14000,1828
14124,1832
14133,1834
14136,1837
14138,1838
14139,1839
14140,1840
14145,1843
14147,1844
14167,1845
14217,1851
14219,1853
14248,1854
14276,1861
14350,1862
14358,1863
14361,1865
14368,1866
14446,1869
14457,1873
14475,1883
14480,1884
14483,1886
14517,1890
14523,1892
14525,1893
14529,1895
14556,1896
14564,1902
14570,1904
14576,1905
14582,1910
14605,1912
14606,1913
14617,1918
14631,1920
14650,1922
14683,1925
14689,1926
14713,1929
14715,1931
14720,1932
14722,1933
14758,1935
14787,1937
14830,1938
14831,1939
14841,1940
14850,1943
14903,1948
14905,1950
14906,1951
14908,1952
14938,1955
14951,1957
14954,1959
14958,1962
14964,1963
14972,1965
14990,1967
14993,1969
15000,1971
15002,1972
15011,1975
15015,1976
15020,1979
15025,1983
15033,1986
15042,1987
15078,1993
15080,1995
15133,1996
15171,1999
15176,1999
15286,2000
15292,2001
15328,2003
15331,2005
15343,2006
15347,2007
15398,2009
15400,2010
15403,2011
15414,2012
15529,2015
15532,2016
15533,2017
15550,2021
15612,2022
15695,2027
15708,2028
15794,2031
15796,2033
15813,2037
15848,2043
15862,2046
15888,2048
15893,2051
15921,2053
15936,2055
15940,2059
15941,2060
15951,2065
15958,2071
15959,2072
15969,2078
15971,2079
15975,2082
15985,2083
15991,2084
15999,2087
16018,2095
16036,2097
16038,2098
16049,2099
16073,2100
16137,2103
16192,2104
16199,2109
16207,2112
16331,2116
16340,2118
16342,2119
16347,2121
16348,2122
16350,2123
16352,2125
16379,2128
16397,2131
16477,2135
16506,2136
16509,2137
16536,2139
16540,2140
16547,2141
16554,2148
16555,2149
16567,2152
16591,2153
16596,2154
16604,2155
16672,2161
16683,2163
16687,2164
16688,2165
16692,2167
16712,2173
16714,2174
16897,2177
16928,2180
16933,2182
16936,2183
16939,2184
16950,2186
16990,2188
16997,2190
17000,2192
17018,2197
17021,2198
17109,2199
17150,2200
17213,2209
17222,2212
17244,2214
17248,2217
17268,2227
17272,2229
17319,2235
17361,2239
17376,2243
17479,2247
17486,2248
17488,2250
17490,2251
17518,2252
17524,2254
17526,2256
17540,2258
17559,2265
17571,2270
17595,2277
17596,2278
17615,2283
17617,2285
17671,2286
17711,2287
17714,2289
17717,2292
17718,2293
17719,2294
17724,2299
17726,2301
17735,2302
17737,2303
17738,2304
17740,2306
17742,2308
17771,2310
17772,2311
17777,2313
17778,2314
17792,2316
17849,2318
17876,2322
17886,2324
17889,2325
17897,2329
17901,2330
17905,2331
17923,2332
17935,2334
17936,2335
17938,2337
17955,2338
18007,2339
18009,2340
18011,2341
18012,2342
18019,2344
18025,2348
18041,2350
18043,2352
18053,2358
18054,2359
18055,2360
18107,2364
18108,2365
18117,2366
18126,2370
18128,2371
18169,2372
18172,2373
18179,2374
18265,2375
18266,2376
18273,2379
18287,2380
18294,2381
18322,2386
18345,2388
18379,2389
18399,2391
18406,2395
18407,2395
18447,2400
18464,2402
18537,2407
18555,2408
18558,2409
18565,2414
18567,2416
18574,2417
18579,2421
18581,2422
18590,2423
18593,2424
18609,2435
18627,2442
18630,2443
18637,2449
18638,2450
18695,2455
18696,2456
18701,2457
18709,2458
18712,2459
18717,2460
18719,2461
18730,2465
18735,2467
18737,2468
18741,2470
18751,2472
18762,2473
18768,2478
18774,2482
18775,2483
18777,2484
18941,2488
18943,2489
18957,2492
18965,2495
18976,2496
18979,2497
18987,2499
18995,2502
19000,2505
19006,2509
19007,2510
19018,2512
19022,2516
19028,2518
19029,2519
19030,2520
19034,2521
19055,2524
19060,2526
19094,2528
19099,2530
19123,2533
19132,2537
19140,2543
19144,2545
19188,2546
19226,2552
19229,2554
19240,2557
19265,2563
19279,2569
19283,2570
19294,2574
19324,2577
19330,2580
19345,2581
19350,2584
19374,2587
19375,2588
19381,2589
19385,2590
19394,2594
19410,2595
19436,2599
19437,2600
19529,2606
19630,2611
19632,2612
19643,2615
19657,2616
19661,2617
19699,2622
19713,2623
19741,2627
19745,2631
19747,2632
19759,2640
19763,2641
19773,2642
19791,2645
19792,2646
19987,2651
19988,2652
19997,2656
20022,2657
20024,2658
20025,2659
20031,2662
20042,2663
20077,2666
20085,2668
20183,2673
20195,2674
20199,2675
20204,2677
20211,2679
20247,2684
20253,2685
20350,2686
20357,2690
20366,2693
20369,2696
20374,2698
20392,2699
20394,2699
20425,2701
20449,2704
20450,2705
20452,2707
20462,2711
20504,2713
20508,2714
20510,2715
20514,2717
20523,2720
20528,2721
20529,2721
20635,2730
20636,2731
20668,2734
20676,2737
20684,2738
20694,2741
20717,2743
20722,2744
20728,2746
20757,2749
20767,2753
20770,2755
20779,2757
20938,2763
20941,2766
20942,2767
20945,2768
20948,2771
20953,2773
20956,2775
20958,2777
21001,2780
21014,2782
21028,2783
21056,2784
21086,2789
21098,2790
21102,2791
21105,2792
21110,2794
21117,2797
21118,2798
21121,2800
21148,2801
21218,2804
21224,2808
21226,2809
21233,2810
21274,2812
21278,2813
21281,2814
21283,2815
21370,2819
21435,2820
21470,2821
21477,2823
21551,2831
21559,2834
21568,2840
21569,2841
21574,2842
21576,2843
21607,2844
21735,2845
21737,2847
21743,2848
21768,2851
21784,2853
21789,2855
21797,2856
21798,2857
21805,2862
21816,2866
21870,2867
21876,2868
21895,2873
21896,2874
21927,2876
21956,2880
21958,2882
21961,2883
21964,2884
22029,2887
22047,2896
22049,2897
22055,2898
22056,2899
22057,2900
22061,2903
22067,2905
22074,2909
22181,2910
22184,2911
22186,2913
22202,2916
22251,2919
22253,2920
22297,2925
22302,2929
22333,2930
22342,2936
22343,2937
22373,2939
22374,2940
22377,2941
22381,2944
22411,2948
22414,2949
22417,2951
22421,2952
22422,2953
22446,2954
22447,2955
22453,2956
22457,2958
22460,2960
22467,2961
22472,2961
22569,2962
22571,2963
22579,2964
22580,2965
22584,2966
22585,2967
22594,2968
22611,2969
22642,2977
22691,2986
22772,2988
22773,2989
22783,2992
22845,2995
22847,2997
22850,3000
22851,3001
22852,3002
22860,3009
22866,3011
22868,3013
22885,3015
22912,3017
22942,3021
22959,3024
22962,3025
22964,3026
22990,3035
23028,3038
23032,3042
23033,3043
23045,3044
23111,3045
23113,3047
23114,3048
23116,3049
23122,3054
23131,3058
23136,3059
23140,3062
23141,3063
23142,3064
23143,3065
23149,3070
23162,3071
23201,3072
23206,3076
23222,3077
23251,3080
23253,3082
23255,3084
23260,3085
23263,3086
23265,3087
23268,3090
23273,3091
23289,3093
23296,3094
23297,3095
23354,3101
23360,3102
23361,3103
23362,3104
23407,3105
23409,3106
23520,3108
23522,3109
23524,3110
23561,3111
23614,3113
23656,3116
23661,3120
23665,3121
23676,3123
23681,3124
23736,3127
23737,3128
23752,3129
23770,3131
23775,3134
23800,3135
23806,3137
23807,3138
23891,3145
23892,3146
23903,3148
23910,3151
23915,3153
23944,3156
23978,3157
23980,3159
24008,3160
24009,3161
24015,3162
24033,3164
24035,3165
24050,3170
24157,3174
24160,3176
24167,3182
24182,3184
24199,3188
24207,3189
24210,3190
24215,3191
24216,3192
24225,3196
24237,3197
24247,3198
24257,3200
24262,3205
24332,3209
24336,3210
24390,3215
24391,3216
24400,3217
24483,3218
24581,3222
24584,3224
24590,3225
24597,3226
24623,3228
24628,3231
24630,3232
24650,3240
24653,3242
24681,3245
24693,3248
24812,3252
24847,3254
24869,3256
24888,3258
24890,3260
24900,3264
24902,3265
24906,3267
24908,3268
24923,3269
24957,3270
24960,3271
24974,3274
25014,3276
25022,3282
25067,3285
25076,3291
25077,3292
25080,3295
25199,3301
25201,3302
25204,3304
25208,3305
25210,3306
25310,3309
25333,3310
25362,3311
25367,3312
25397,3315
25414,3317
25416,3319
25417,3320
25439,3321
25472,3326
25521,3331
25556,3333
25581,3336
25595,3340
25608,3342
25644,3347
25700,3350
25720,3355
25724,3356
25736,3360
25742,3363
25758,3364
25795,3367
25807,3368
25825,3369
25836,3373
25839,3375
25846,3376
25858,3378
25863,3379
25886,3382
25998,3388
26013,3389
26014,3389
26017,3391
26018,3392
26019,3392
26031,3393
26055,3397
26082,3398
26085,3401
26087,3403
26184,3408
26189,3411
26202,3413
26260,3414
26275,3414
26278,3415
26281,3416
26291,3418
26294,3420
26295,3421
26297,3423
26300,3424
26340,3426
26341,3427
26348,3432
26351,3433
26419,3434
26423,3436
26465,3441
26470,3443
26488,3448
26489,3449
26491,3451
26498,3453
26515,3455
26522,3460
26525,3463
26531,3464
26539,3466
26543,3469
26546,3470
26561,3474
26590,3478
26614,3480
26616,3481
26628,3484
26669,3488
26672,3489
26676,3490
26681,3494
26686,3495
26692,3496
26752,3504
26753,3505
26759,3506
26760,3507
26764,3510
26769,3513
26779,3515
26830,3522
26834,3525
26837,3526
26915,3532
26920,3534
26930,3538
26942,3542
26976,3544
27036,3551
27046,3554
27115,3557
27127,3559
27129,3560
27131,3562
27164,3566
27185,3568
27193,3571
27194,3572
27198,3576
27201,3579
27207,3581
27210,3582
27217,3583
27218,3584
27222,3588
27224,3590
27232,3593
27257,3598
27258,3599
27295,3601
27354,3610
27367,3612
27400,3615
27520,3617
27536,3620
27547,3624
27556,3625
27573,3626
27736,3638
27777,3644
27798,3647
27806,3649
27843,3651
27914,3654
27934,3655
27974,3657
28046,3658
28048,3659
28051,3661
28055,3664
28196,3667
28206,3670
28210,3672
28396,3675
28418,3680
28426,3681
28429,3684
28443,3686
28453,3689
28463,3691
28467,3693
28470,3695
28484,3696
28495,3698
28504,3701
28509,3704
28590,3710
28593,3712
28597,3713
28615,3714
28617,3715
28637,3716
28638,3716
28644,3718
28648,3721
28649,3722
28652,3723
28654,3725
28657,3727
28662,3728
28664,3730
28698,3731
28701,3733
28704,3734
28711,3736
28716,3738
28722,3740
28779,3742
28798,3743
28822,3749
28825,3752
28832,3753
28847,3754
28851,3756
28852,3757
28853,3758
28855,3759
28897,3764
28898,3765
28910,3767
28986,3768
29017,3772
29019,3773
29029,3774
29032,3775
29035,3778
29047,3779
29081,3782
29085,3783
29089,3787
29111,3793
29113,3795
29116,3796
29143,3797
29145,3798
29182,3800
29183,3801
29186,3804
29203,3805
29211,3806
29217,3807
29244,3808
29251,3809
29259,3812
29264,3816
29283,3817
29292,3819
29386,3820
29388,3821
29394,3824
29396,3825
29398,3826
29402,3828
29403,3829
29407,3830
29432,3832
29433,3833
29449,3835
29464,3840
29477,3843
29507,3844
29515,3847
29528,3849
29536,3853
29546,3855
29552,3858
29565,3859
29567,3860
29569,3862
29579,3864
29587,3865
29598,3868
29634,3873
29641,3875
29690,3879
29709,3882
29763,3885
29783,3886
29800,3890
29804,3892
29842,3893
29843,3894
29845,3895
29857,3897
29904,3898
29907,3899
29908,3900
29912,3901
29914,3902
29921,3903
29926,3905
29946,3906
29964,3907
29977,3908
29980,3911
29985,3912
29989,3916
29993,3917
29999,3919
30000,3920
30003,3923
30004,3924
30016,3930
30019,3931
30022,3934
30023,3935
30030,3936
30061,3937
30062,3938
30071,3943
30184,3946
30186,3947
30242,3951
30245,3954
30251,3955
30252,3956
30290,3960
30299,3966
30310,3968
30313,3970
30363,3971
30366,3974
30379,3978
30383,3981
30385,3983
30387,3984
30405,3985
30406,3986
30407,3987
30415,3988
30420,3990
30421,3991
30518,3994
30532,3997
30538,4001
30543,4003
30545,4004
30552,4007
30566,4012
30570,4015
30572,4016
30581,4017
30591,4018
30593,4019
30637,4022
30638,4022
30667,4023
30748,4026
30788,4030
30792,4034
30883,4036
30900,4042
30912,4043
31133,4049
31139,4051
31178,4052
31186,4055
31194,4056
31214,4060
31231,4064
31271,4067
31299,4069
31325,4070
31327,4071
31332,4072
31409,4073
31410,4074
31416,4077
31419,4080
31425,4085
31433,4089
31441,4092
31446,4095
31451,4096
31452,4097
31460,4099
31463,4100
31499,4101
31503,4102
31544,4103
31551,4106
31552,4107
31554,4109
31565,4110
31590,4112
31592,4113
31603,4117
31614,4119
31618,4122
31621,4123
31624,4124
31681,4127
31688,4128
31697,4130
31767,4131
31797,4133
31836,4135
31857,4136
31863,4140
31866,4141
31868,4143
31878,4144
31927,4146
31930,4147
31952,4149
31977,4151
31997,4154
32000,4156
32001,4157
32004,4159
32016,4161
32024,4165
32026,4166
32032,4169
32035,4171
32054,4176
32057,4177
32062,4179
32135,4183
32136,4184
32155,4193
32166,4198
32198,4201
32212,4210
32229,4213
32230,4214
32233,4216
32239,4218
32265,4225
32407,4227
32411,4228
32427,4237
32431,4241
32432,4242
32447,4244
32451,4247
32460,4249
32467,4253
32470,4255
32482,4260
32492,4261
32520,4262
32539,4264
32610,4266
32617,4269
32618,4270
32655,4271
32736,4278
32740,4280
32753,4281
32775,4282
32829,4283
32845,4284
32856,4285
32904,4289
32908,4292
32937,4295
32938,4296
33036,4298
33060,4301
33107,4302
33118,4303
33123,4306
33257,4309
33258,4310
33266,4312
33268,4314
33272,4315
33280,4317
33284,4320
33294,4322
33300,4323
33316,4324
33320,4328
33324,4329
33326,4330
33348,4331
33352,4334
33377,4336
33393,4338
33394,4339
33398,4341
33403,4345
33404,4346
33413,4352
33419,4354
33437,4355
33438,4356
33448,4363
33449,4364
33463,4365
33477,4369
33507,4371
33508,4372
33510,4374
33514,4375
33517,4377
33520,4378
33521,4379
33524,4380
33542,4384
33556,4386
33573,4389
33574,4390
33586,4394
33593,4399
33602,4402
33622,4403
33623,4404
33626,4406
33632,4412
33633,4413
33637,4414
33643,4416
33648,4418
33650,4419
33661,4420
33684,4429
33689,4430
33693,4432
33718,4434
33743,4438
33747,4440
33883,4442
33884,4443
33890,4448
33901,4450
33906,4454
33925,4456
33931,4459
33933,4461
33967,4463
34017,4472
34036,4477
34037,4478
34043,4479
34064,4482
34091,4487
34094,4488
34097,4489
34118,4492
34126,4496
34127,4497
34129,4499
34138,4500
34141,4501
34146,4502
34147,4503
34149,4505
34154,4506
34161,4507
34170,4510
34173,4512
34182,4515
34187,4517
34197,4520
34208,4529
34214,4533
34217,4535
34223,4536
34226,4537
34234,4540
34235,4541
34274,4543
34293,4546
34296,4548
34325,4557
34345,4559
34387,4560
34393,4562
34396,4563
34404,4564
34405,4565
34418,4567
34419,4568
34420,4569
34424,4570
34425,4571
34433,4577
34440,4578
34445,4579
34448,4580
34494,4581
34495,4582
34496,4583
34500,4586
34501,4587
34506,4588
34555,4590
34587,4591
34612,4594
34617,4596
34639,4598
34643,4601
34656,4603
34660,4607
34668,4612
34674,4614
34675,4615
34692,4620
34694,4621
34697,4624
34731,4628
34735,4630
34776,4633
34782,4634
34788,4636
34812,4637
34820,4639
34823,4640
34840,4644
34880,4646
34887,4649
34897,4652
34974,4656
34994,4660
34997,4661
34998,4662
34999,4663
35004,4664
35066,4669
35117,4670
35156,4672
35168,4673
35170,4674
35175,4677
35176,4678
35181,4679
35204,4680
35206,4681
35228,4683
35238,4685
35241,4686
35246,4687
35249,4689
35252,4690
35254,4692
35255,4693
35265,4695
35276,4698
35285,4700
35290,4701
35368,4703
35377,4704
35496,4705
35520,4710
35619,4715
35620,4716
35626,4717
35630,4721
35631,4722
35642,4729
35670,4733
35682,4735
35710,4736
35717,4738
35718,4739
35720,4740
35730,4743
35732,4745
35753,4746
35782,4747
35786,4751
35788,4752
35860,4754
35862,4756
35870,4759
35944,4760
35945,4761
35948,4762
35951,4763
35978,4764
35981,4766
35993,4767
36033,4770
36158,4772
36161,4773
36163,4774
36164,4775
36170,4777
36175,4778
36217,4779
36223,4781
36243,4782
36250,4785
36258,4790
36261,4791
36332,4793
36338,4795
36343,4799
36345,4800
36357,4801
36378,4802
36405,4803
36406,4804
36408,4805
36430,4809
36431,4810
36433,4811
36437,4815
36439,4816
36444,4817
36448,4820
36462,4826
36479,4828
36505,4829
36515,4831
36535,4832
36537,4833
36568,4839
36580,4840
36581,4841
36591,4845
36631,4847
36656,4849
36674,4852
36699,4858
36749,4860
36751,4862
36774,4867
36777,4870
36778,4871
36924,4874
36927,4875
36928,4876
36935,4879
36938,4881
36943,4883
36966,4886
36967,4887
36977,4888
36989,4889
36991,4890
36992,4891
36998,4893
37010,4895
37036,4898
37040,4901
37041,4902
37043,4903
37044,4904
37046,4905
37047,4906
37071,4909
37075,4911
37077,4912
37082,4913
37104,4914
37140,4916
37141,4917
37147,4923
37149,4925
37151,4926
37155,4927
37169,4931
37184,4932
37208,4936
37217,4938
37239,4940
37240,4941
37270,4943
37344,4948
37346,4949
37375,4951
37380,4953
37407,4955
37408,4956
37411,4957
37416,4961
37437,4964
37438,4965
37439,4966
37448,4967
37453,4970
37482,4971
37483,4972
37489,4974
37514,4976
37522,4977
37584,4981
37659,4985
37794,4994
37836,4995
38016,4996
38025,4998
38058,4999
38065,5000
38066,5001
38069,5004
38070,5005
38076,5010
38080,5011
38115,5015
38121,5016
38123,5017
38127,5019
38129,5020
38136,5027
38162,5028
38167,5033
38181,5036
38182,5037
38183,5038
38187,5039
38260,5041
38262,5042
38298,5045
38304,5047
38310,5050
38343,5054
38354,5055
38361,5056
38364,5058
38365,5059
38373,5061
38385,5069
38436,5071
38450,5072
38469,5074
38470,5075
38475,5077
38478,5079
38491,5082
38499,5084
38511,5085
38517,5086
38529,5090
38567,5093
38575,5095
38577,5097
38596,5098
38599,5099
38601,5099
38615,5104
38617,5105
38622,5106
38732,5109
38737,5111
38738,5112
38806,5113
38833,5116
38850,5117
38860,5118
38869,5119
38996,5120
38997,5121
39008,5123
39010,5124
39035,5127
39067,5129
39070,5130
39074,5133
39165,5137
39186,5139
39190,5140
39254,5141
39475,5146
39478,5148
39479,5149
39486,5151
39492,5154
39535,5160
39555,5162
39617,5169
39620,5170
39720,5175
39737,5176
39746,5177
39830,5179
39836,5180
39947,5181
39956,5185
39963,5186
39964,5187
39976,5190
39994,5191
39998,5194
39999,5195
40094,5210
40096,5211
40207,5214
40208,5215
40211,5217
40214,5220
40216,5221
40253,5226
40259,5227
40283,5230
40304,5236
40310,5237
40334,5239
40344,5242
40357,5243
40358,5244
40370,5245
40379,5249
40384,5250
40392,5253
40395,5254
40397,5255
40399,5256
40441,5260
40444,5263
40448,5267
40450,5269
40453,5272
40462,5274
40469,5276
40602,5277
40610,5278
40626,5285
40643,5287
40718,5293
40737,5296
40771,5300
40790,5305
40795,5308
40802,5313
40828,5316
40829,5317
40835,5318
40839,5320
40848,5325
40855,5327
40943,5333
40949,5336
40951,5338
41011,5341
41012,5342
41041,5344
41044,5345
41078,5347
41094,5348
41096,5350
41116,5351
41117,5352
41119,5353
41225,5355
41330,5360
41356,5361
41474,5363
41481,5366
41483,5367
41487,5371
41488,5372
41491,5375
41497,5376
41501,5378
41508,5383
41510,5384
41560,5386
41563,5387
41568,5389
41569,5390
41572,5391
41581,5398
41588,5401
41590,5402
41592,5403
41602,5405
41618,5411
41677,5413
41679,5415
41680,5416
41681,5417
41707,5422
41738,5425
41838,5427
41850,5429
41851,5429
41853,5430
41872,5434
41882,5435
41884,5436
41910,5438
41924,5441
41926,5443
41935,5444
41937,5446
41938,5447
41943,5448
41944,5449
41951,5454
41972,5455
41976,5459
41988,5462
41991,5465
41997,5467
42015,5468
42016,5469
42026,5470
42028,5472
42032,5473
42044,5474
42097,5476
42100,5477
42177,5478
42201,5483
42202,5484
42206,5487
42210,5489
42217,5491
42274,5493
42282,5498
42288,5499
42309,5505
42311,5506
42319,5509
42609,5511
42621,5516
42623,5518
42627,5521
42647,5522
42675,5525
42688,5528
42692,5531
42808,5535
42811,5537
42831,5538
42835,5542
42839,5543
42862,5545
42919,5546
42920,5547
42924,5548
42927,5551
42930,5554
42933,5557
42944,5560
42945,5561
42947,5562
42950,5564
42953,5566
42957,5568
42963,5569
42965,5570
42968,5571
42997,5574
43001,5576
43002,5577
43004,5578
43006,5580
43016,5584
43020,5586
43021,5587
43027,5589
43062,5593
43069,5600
43070,5601
43077,5602
43131,5604
43140,5607
43164,5607
43182,5612
43183,5613
43213,5614
43231,5616
43232,5617
43236,5620
43238,5621
43262,5625
43291,5627
43294,5628
43296,5629
43373,5638
43374,5639
43415,5641
43468,5644
43469,5645
43477,5647
43480,5650
43483,5651
43579,5652
43581,5654
43584,5655
43586,5656
43588,5657
43594,5658
43638,5659
43660,5664
43759,5665
43762,5667
43771,5668
43777,5670
43778,5671
43814,5672
43825,5677
43828,5679
43835,5682
43836,5682
43864,5683
43868,5683
43896,5686
43939,5687
43941,5689
43948,5694
43962,5695
43972,5698
43998,5699
44036,5702
44042,5704
44045,5706
44049,5707
44050,5708
44085,5710
44153,5711
44229,5716
44231,5718
44233,5719
44237,5720
44246,5726
44247,5726
44249,5727
44254,5728
44313,5730
44315,5731
44334,5734
44336,5735
44373,5737
44377,5741
44422,5742
44432,5749
44434,5750
44435,5751
44444,5753
44459,5756
44460,5757
44461,5758
44466,5762
44489,5766
44515,5767
44520,5771
44585,5773
44591,5775
44606,5776
44607,5777
44631,5780
44633,5781
44635,5783
44636,5784
44638,5786
44641,5787
44706,5788
44707,5789
44723,5790
44752,5791
44762,5793
44787,5794
44788,5795
44793,5797
44880,5806
44881,5807
44883,5809
44887,5811
44903,5812
44907,5814
44912,5815
44927,5827
44929,5829
44937,5833
44940,5836
44942,5838
44997,5842
45010,5845
45015,5847
45027,5854
45039,5856
45042,5858
45123,5861
45134,5862
45157,5864
45159,5866
45197,5874
45199,5875
45231,5877
45235,5878
45243,5882
45259,5883
45265,5889
45268,5890
45271,5891
45276,5894
45283,5895
45287,5897
45293,5899
45395,5902
45411,5903
45434,5904
45436,5906
45447,5911
45450,5914
45452,5915
45469,5920
45523,5924
45531,5925
45534,5926
45579,5928
45628,5930
45674,5931
45676,5933
45725,5937
45782,5938
45785,5939
45795,5943
45798,5946
45814,5947
45836,5948
45855,5951
45868,5955
45885,5957
45903,5963
45919,5964
45923,5967
45928,5970
45942,5971
46005,5972
46021,5977
46023,5979
46069,5983
46111,5985
46115,5986
46118,5987
46133,5989
46147,5991
46159,5993
46162,5995
46214,5996
46217,5997
46237,5998
46251,6000
46297,6001
46300,6003
46316,6004
46317,6005
46327,6006
46330,6008
46334,6010
46340,6013
46342,6014
46349,6016
46352,6018
46354,6020
46547,6027
46549,6028
46553,6030
46558,6032
46581,6037
46584,6039
46586,6041
46587,6042
46594,6044
46613,6050
46670,6052
46678,6055
46687,6058
46690,6060
46726,6068
46734,6071
46736,6072
46738,6073
46778,6079
46814,6080
46822,6082
46854,6085
46884,6086
46886,6088
46890,6089
46892,6091
46893,6092
46895,6094
46897,6095
46898,6096
46910,6098
46938,6099
46952,6102
47002,6105
47005,6105
47037,6107
47058,6112
47078,6113
47085,6117
47092,6119
47124,6120
47133,6123
47150,6127
47155,6128
47177,6131
47185,6132
47190,6133
47207,6134
47386,6140
47388,6141
47416,6143
47422,6146
47515,6150
47517,6151
47529,6157
47531,6158
47547,6159
47554,6161
47575,6162
47576,6163
47580,6165
47621,6166
47625,6167
47629,6169
47647,6174
47724,6177
47728,6180
47743,6181
47750,6188
47791,6189
47793,6190
47807,6192
47812,6194
47829,6195
47847,6196
47869,6199
47886,6200
47890,6204
47900,6206
47905,6208
47913,6210
47921,6211
48025,6211
48039,6212
48067,6217
48069,6219
48071,6220
48072,6221
48078,6223
48103,6226
48106,6229
48119,6234
48120,6235
48131,6237
48139,6238
48166,6239
48168,6240
48192,6242
48197,6243
48210,6245
48248,6247
48262,6254
48269,6255
48350,6259
48353,6260
48356,6262
48367,6263
48368,6264
48377,6265
48379,6266
48431,6268
48457,6270
48459,6271
48467,6272
48502,6273
48504,6274
48510,6275
48551,6278
48558,6282
48570,6284
48575,6286
48577,6287
48600,6288
48602,6290
48604,6291
48631,6292
48682,6295
48697,6299
48699,6300
48711,6302
48755,6306
48765,6308
48768,6310
48770,6311
48779,6318
48891,6323
48947,6327
48966,6328
48967,6329
48973,6330
49007,6333
49010,6334
49011,6335
49017,6337
49038,6343
49121,6346
49122,6347
49124,6348
49126,6350
49152,6351
49153,6352
49156,6354
49160,6356
49161,6357
49183,6359
49186,6360
49190,6362
49192,6364
49194,6366
49199,6367
49202,6368
49207,6372
49228,6373
49252,6376
49256,6378
49300,6386
49337,6387
49356,6391
49391,6393
49399,6394
49408,6398
49440,6405
49471,6409
49492,6416
49528,6418
49533,6420
49544,6421
49550,6427
49551,6428
49554,6430
49573,6432
49777,6435
49780,6437
49788,6438
49793,6440
49800,6444
49801,6445
49896,6448
49911,6449
49916,6450
49925,6451
49956,6454
49965,6455
49966,6456
49972,6457
49975,6459
50003,6463
50035,6464
50057,6466
50130,6470
50144,6473
50155,6474
50176,6475
50189,6479
50266,6481
50294,6482
50313,6486
50383,6494
50384,6495
50386,6496
50388,6497
50400,6500
50408,6503
50413,6507
50480,6508
50484,6510
50495,6512
50502,6516
50520,6517
50524,6518
50703,6520
50706,6523
50709,6524
50742,6526
50743,6527
50753,6532
50754,6533
50755,6533
50880,6542
50882,6543
50887,6547
50891,6549
50898,6551
50901,6552
50911,6553
50917,6555
51015,6556
51020,6558
51045,6561
51115,6567
51127,6570
51187,6571
51192,6574
51197,6575
51204,6579
51212,6581
51214,6582
51216,6584
51219,6585
51291,6586
51292,6587
51309,6591
51332,6592
51389,6594
51391,6596
51392,6596
51428,6599
51447,6601
51449,6602
51463,6603
51473,6604
51491,6605
51493,6607
51495,6609
51504,6611
51509,6612
51521,6615
51523,6616
51551,6618
51555,6620
51592,6627
51593,6628
51595,6630
51596,6631
51603,6632
51613,6634
51616,6637
51620,6640
51625,6641
51626,6642
51634,6646
51635,6647
51637,6648
51639,6650
51647,6651
51691,6657
51699,6661
51705,6664
51706,6665
51710,6666
51720,6667
51722,6668
51728,6669
51737,6670
51749,6673
51784,6675
51787,6677
51861,6679
51866,6683
51926,6687
51934,6689
51953,6692
51970,6693
52104,6697
52117,6699
52125,6700
52167,6701
52283,6702
52299,6704
52302,6705
52309,6706
52319,6708
52327,6710
52332,6711
52333,6712
52336,6713
52346,6716
52356,6718
52359,6720
52369,6721
52371,6722
52376,6726
52385,6728
52387,6729
52409,6730
52412,6731
52416,6734
52421,6735
52434,6736
52489,6738
52493,6739
52519,6740
52540,6741
52599,6742
52603,6743
52606,6745
52626,6751
52630,6754
52632,6755
52639,6760
52641,6761
52645,6764
52647,6766
52649,6767
52669,6769
52676,6771
52684,6774
52686,6775
52700,6778
52701,6779
52706,6782
52752,6784
52815,6789
52817,6790
52821,6791
52870,6794
52930,6797
52960,6802
52965,6803
52977,6805
52992,6809
52994,6810
52995,6811
52996,6812
53002,6816
53009,6822
53015,6824
53016,6825
53020,6829
53027,6833
53031,6837
53065,6840
53117,6842
53264,6844
53276,6846
53280,6847
53284,6849
53288,6850
53295,6852
53298,6854
53301,6855
53309,6856
53311,6857
53316,6859
53321,6860
53331,6861
53409,6863
53417,6864
53425,6868
53496,6872
53504,6874
53510,6876
53559,6888
53576,6895
53592,6896
53614,6897
53618,6899
53620,6901
53627,6902
53648,6904
53649,6905
53653,6908
53712,6910
53713,6911
53727,6912
53736,6914
53749,6917
53751,6918
53753,6919
53754,6920
53758,6923
53763,6927
53792,6930
53793,6931
53845,6942
53876,6949
53877,6950
53888,6953
53889,6954
53893,6957
53906,6959
53945,6960
53963,6961
53968,6963
54011,6966
54019,6970
54028,6971
54034,6972
54067,6973
54068,6974
54085,6976
54091,6977
54092,6978
54100,6979
54107,6980
54110,6982
54113,6983
54115,6985
54138,6987
54140,6988
54141,6989
54149,6990
54152,6992
54156,6994
54158,6995
54165,6996
54179,6997
54185,6998
54188,7001
54191,7004
54192,7005
54203,7006
54252,7008
54253,7009
54259,7010
54260,7011
54265,7014
54280,7019
54301,7020
54319,7021
54320,7022
54323,7024
54325,7025
54333,7032
54356,7046
54373,7047
54375,7048
54384,7053
54404,7055
54410,7056
54412,7058
54450,7059
54561,7061
54584,7064
54595,7065
54597,7067
54600,7069
54601,7070
54605,7071
54641,7072
54646,7075
54652,7076
54688,7080
54695,7082
54707,7090
54755,7091
54758,7092
54766,7098
54803,7101
54843,7106
54863,7117
54875,7120
54881,7121
54927,7122
54928,7123
54930,7125
54942,7127
54957,7130
54999,7131
55094,7134
55100,7138
55129,7140
55131,7141
55134,7142
55137,7144
55138,7145
55147,7149
55154,7152
55184,7153
55186,7155
55204,7159
55207,7160
55210,7163
55219,7164
55238,7165
55245,7168
55246,7169
55248,7171
55270,7172
55280,7173
55341,7178
55343,7180
55345,7182
55347,7183
55352,7184
55355,7186
55371,7190
55387,7191
55389,7192
55390,7193
55402,7194
55406,7196
55416,7205
55426,7208
55447,7209
55493,7217
55498,7218
55501,7219
55514,7220
55530,7221
55568,7224
55577,7225
55630,7233
55672,7234
55687,7239
55690,7240
55691,7242
55720,7247
55724,7249
55733,7253
55737,7257
55738,7258
55765,7261
55780,7262
55819,7264
55820,7265
55827,7269
55852,7270
55870,7274
55910,7281
55921,7285
55922,7286
55925,7289
55927,7290
55940,7293
55969,7295
55994,7308
56000,7311
56098,7313
56199,7314
56202,7316
56204,7317
56221,7318
56223,7320
56224,7321
56226,7322
56230,7323
56231,7324
56235,7325
56242,7330
56249,7331
56255,7335
56256,7336
56265,7337
56385,7338
56389,7339
56462,7343
56478,7347
56483,7350
56504,7351
56554,7353
56564,7354
56684,7355
56699,7356
56726,7357
56769,7360
56787,7362
56788,7363
56789,7364
56797,7365
56799,7366
56800,7367
56814,7368
56819,7371
56825,7374
56832,7375
56837,7379
56867,7381
56870,7383
56876,7387
56886,7391
56935,7394
56974,7395
56979,7397
56988,7399
56996,7401
57102,7402
57106,7403
57110,7404
57113,7406
57116,7409
57118,7411
57128,7413
57134,7417
57137,7419
57139,7420
57142,7423
57162,7424
57199,7428
57205,7433
57238,7434
57241,7435
57248,7436
57255,7437
57257,7439
57263,7441
57287,7442
57302,7443
57304,7444
57313,7450
57314,7451
57315,7452
57317,7453
57329,7455
57335,7459
57338,7461
57372,7467
57489,7468
57532,7472
57541,7475
57594,7479
57595,7480
57598,7482
57599,7483
57600,7484
57601,7485
57608,7486
57610,7487
57689,7489
57693,7493
57704,7501
57723,7502
57840,7503
57844,7506
57847,7509
57858,7510
57867,7511
57882,7512
57883,7513
57884,7514
57919,7517
57926,7518
57937,7521
57955,7524
57960,7525
57972,7533
57977,7534
58005,7536
58019,7544
58029,7545
58034,7547
58038,7549
58043,7552
58047,7555
58063,7556
58066,7558
58068,7559
58069,7560
58083,7563
58094,7568
58096,7570
58109,7571
58110,7572
58116,7575
58118,7576
58132,7579
58134,7581
58139,7582
58204,7585
58206,7586
58208,7587
58209,7588
58215,7589
58227,7590
58275,7593
58302,7599
58305,7600
58322,7602
58341,7604
58343,7606
58345,7607
58355,7613
58366,7614
58367,7615
58373,7616
58376,7617
58405,7622
58415,7624
58441,7625
58442,7626
58444,7627
58447,7628
58461,7630
58477,7631
58480,7632
58538,7633
58546,7634
58591,7635
58592,7636
58596,7637
58605,7641
58658,7642
58721,7643
58728,7645
58730,7646
58751,7647
58779,7650
58825,7651
58833,7659
58922,7670
58925,7671
58926,7672
58955,7673
58994,7676
58996,7678
58997,7679
59002,7682
59025,7687
59044,7692
59045,7693
59047,7694
59054,7696
59073,7698
59088,7703
59089,7704
59091,7705
59096,7706
59098,7707
59099,7708
59102,7709
59108,7711
59112,7712
59117,7713
59126,7716
59144,7718
59145,7719
59146,7720
59170,7725
59175,7728
59236,7730
59242,7732
59250,7736
59282,7738
59284,7739
59285,7740
59286,7741
59295,7745
59303,7745
59307,7746
59324,7748
59346,7755
59349,7757
59381,7758
59385,7760
59388,7762
59397,7766
59475,7771
59489,7773
59500,7774
59502,7776
59503,7777
59505,7779
59524,7781
59525,7782
59527,7784
59542,7786
59595,7792
59599,7793
59601,7795
59605,7796
59606,7797
59615,7803
59625,7807
59638,7808
59644,7812
59677,7814
59713,7819
59717,7820
59759,7826
59761,7828
59780,7832
59809,7836
59813,7837
59822,7841
59844,7846
59846,7847
59853,7848
59864,7851
59871,7852
59872,7853
59873,7854
59904,7856
59918,7863
59921,7864
59927,7867
60010,7875
60014,7877
60082,7881
60083,7882
60087,7884
60092,7885
60164,7889
60168,7892
60196,7895
60220,7898
60222,7899
60280,7900
60301,7904
60308,7910
60313,7911
60353,7912
60354,7913
60356,7915
60368,7917
60374,7919
60389,7922
60394,7924
60396,7925
60407,7927
60408,7928
60413,7930
60431,7936
60433,7937
60463,7942
60475,7947
60476,7948
60569,7954
60584,7955
60642,7966
60646,7970
60655,7971
60667,7972
60679,7980
60687,7982
60691,7983
60695,7986
60696,7987
60712,7990
60717,7991
60795,7992
60805,7993
60935,7998
60951,7999
60961,8001
60998,8007
61122,8011
61126,8014
61131,8016
61145,8019
61149,8020
61160,8024
61188,8027
61244,8030
61257,8034
61261,8037
61330,8043
61345,8045
61348,8046
61353,8047
61380,8049
61421,8051
61425,8054
61428,8054
61516,8063
61527,8064
61531,8065
61562,8077
61567,8078
61594,8086
61608,8089
61609,8090
61614,8095
61645,8096
61649,8098
61651,8099
61656,8101
61661,8104
61664,8105
61673,8109
61749,8110
61751,8112
61757,8117
61765,8119
61833,8120
61879,8123
61925,8126
61932,8129
61935,8131
61987,8135
62015,8143
62022,8145
62060,8148
62068,8149
62072,8152
62074,8153
62077,8154
62082,8157
62087,8158
62221,8159
62223,8160
62229,8162
62235,8163
62260,8164
62265,8166
62269,8168
62277,8169
62280,8170
62294,8171
62304,8174
62376,8176
62377,8177
62381,8178
62494,8180
62498,8181
62513,8182
62520,8189
62525,8190
62527,8192
62569,8199
62570,8200
62573,8202
62577,8204
62585,8206
62587,8208
62597,8215
62630,8217
62632,8219
62637,8221
62642,8225
62651,8231
62664,8232
62726,8233
62728,8234
62730,8236
62734,8238
62743,8239
62817,8243
62847,8244
62848,8245
62850,8246
62859,8247
62863,8250
62895,8253
62916,8254
62920,8255
62922,8257
62925,8259
62940,8261
62941,8262
62945,8264
63008,8265
63013,8266
63019,8267
63022,8270
63029,8277
63064,8287
63071,8291
63074,8293
63091,8295
63108,8297
63114,8300
63115,8301
63127,8303
63211,8305
63217,8308
63224,8311
63227,8312
63254,8313
63265,8316
63278,8317
63279,8318
63280,8319
63286,8322
63287,8323
63292,8325
63296,8327
63303,8328
63307,8331
63314,8333
63333,8334
63353,8337
63360,8339
63424,8341
63427,8344
63437,8345
63438,8346
63441,8349
63547,8357
63561,8361
63573,8362
63574,8363
63701,8370
63705,8372
63726,8375
63727,8376
63763,8377
63765,8379
63772,8382
63779,8384
63782,8387
63795,8388
63799,8389
63805,8393
63809,8397
63813,8398
63835,8407
63844,8409
63849,8413
63855,8417
63858,8418
63870,8425
63904,8427
63906,8428
63908,8429
63916,8432
63922,8433
63924,8434
63925,8435
63927,8437
63928,8437
63961,8445
63962,8446
63985,8452
63986,8453
63987,8454
64000,8457
64009,8462
64012,8463
64020,8467
64029,8469
64034,8473
64044,8475
64046,8476
64050,8479
64054,8481
64059,8483
64149,8487
64155,8491
64167,8492
64281,8492
64332,8493
64363,8497
64364,8498
64373,8499
64414,8501
64416,8502
64418,8504
64420,8505
64422,8507
64460,8512
64468,8514
64480,8518
64482,8520
64483,8521
64484,8522
64575,8525
64578,8526
64581,8529
64583,8530
64621,8531
64647,8536
64649,8537
64666,8541
64733,8543
64735,8544
64736,8545
64742,8547
64760,8549
64793,8552
64835,8555
64838,8558
64844,8561
64845,8562
64938,8566
64959,8568
64960,8569
64988,8570
64990,8572
64996,8577
64997,8578
64998,8579
65000,8581
65005,8584
65015,8585
65037,8586
65041,8589
65044,8592
65045,8593
65083,8595
65161,8603
65162,8604
65163,8605
65170,8608
65189,8613
65190,8614
65265,8619
65267,8620
65268,8621
65289,8623
65305,8626
65339,8629
65342,8630
65374,8634
65391,8641
65400,8643
65403,8644
65464,8648
65465,8649
65468,8651
65473,8652
65503,8656
65507,8659
65514,8666
65519,8669
65524,8671
65530,8677
65613,8679
65618,8681
65619,8682
65625,8685
65631,8689
65658,8694
65745,8696
65901,8699
65920,8700
65944,8705
65945,8705
65951,8708
65954,8709
65972,8712
65979,8717
66045,8722
66049,8725
66068,8727
66094,8728
66117,8729
66176,8732
66193,8734
66238,8743
66266,8750
66274,8751
66275,8752
66280,8753
66283,8754
66298,8757
66299,8758
66300,8759
66311,8764
66314,8766
66349,8768
66393,8773
66591,8778
66593,8779
66596,8781
66600,8782
66603,8784
66657,8793
66662,8794
66725,8795
66732,8798
66733,8799
66738,8803
66740,8805
66743,8808
66744,8809
66817,8817
66821,8818
66824,8821
66838,8826
66839,8827
66847,8829
66860,8832
66876,8837
66892,8839
66946,8840
66958,8843
66973,8846
67026,8847
67034,8848
67037,8851
67044,8854
67085,8857
67087,8859
67091,8861
67093,8863
67098,8864
67129,8866
67136,8870
67159,8872
67169,8874
67204,8880
67208,8881
67239,8882
67255,8883
67362,8886
67364,8888
67367,8890
67404,8891
67418,8894
67421,8897
67433,8898
67437,8901
67439,8902
67475,8903
67477,8904
67483,8906
67485,8907
67489,8910
67501,8914
67505,8916
67508,8917
67536,8920
67678,8924
67683,8926
67687,8928
67690,8930
67699,8932
67718,8937
67757,8937
67785,8938
67788,8939
67795,8945
67799,8946
67804,8949
67806,8950
67808,8951
67812,8952
67816,8954
67843,8955
67846,8957
67861,8960
67865,8961
67872,8966
67883,8972
67948,8976
67963,8977
67986,8980
67994,8983
67998,8985
68006,8987
68010,8989
68019,8990
68023,8991
68028,8994
68052,9003
68058,9005
68168,9008
68171,9011
68174,9014
68188,9017
68191,9018
68201,9019
68202,9020
68204,9022
68206,9024
68209,9025
68223,9026
68266,9028
68272,9029
68275,9031
68289,9032
68291,9034
68295,9035
68313,9036
68314,9036
68441,9037
68535,9041
68537,9042
68543,9043
68587,9048
68590,9049
68709,9051
68723,9056
68724,9056
68766,9058
68769,9059
68772,9060
68773,9061
68797,9062
68799,9064
68800,9065
68807,9066
68821,9068
68829,9070
68831,9072
68835,9074
68839,9077
68844,9078
68846,9079
68855,9080
68861,9082
68863,9083
68866,9085
68867,9086
68870,9087
68876,9087
69005,9089
69007,9090
69011,9092
69017,9094
69025,9095
69030,9097
69034,9098
69053,9103
69059,9108
69060,9109
69061,9110
69067,9111
69069,9112
69071,9113
69089,9116
69093,9117
69096,9120
69100,9121
69107,9122
69113,9124
69143,9125
69150,9131
69153,9132
69159,9134
69161,9136
69163,9138
69171,9142
69173,9144
69179,9146
69196,9149
69198,9151
69199,9152
69202,9153
69207,9156
69232,9160
69244,9167
69248,9169
69249,9170
69254,9172
69260,9175
69264,9178
69289,9180
69322,9181
69325,9183
69382,9185
69400,9186
69402,9188
69422,9189
69429,9190
69506,9191
69513,9197
69530,9199
69534,9202
69536,9203
69537,9204
69540,9207
69546,9208
69549,9211
69553,9215
69562,9216
69564,9218
69573,9222
69584,9223
69593,9224
69649,9226
69650,9227
69662,9228
69664,9229
69708,9230
69709,9231
69717,9233
69722,9234
69725,9235
69729,9237
69737,9239
69748,9240
69749,9241
69751,9242
69768,9245
69775,9248
69782,9253
69923,9254
69935,9255
69936,9256
69945,9262
69947,9264
69948,9265
69967,9270
69970,9271
70053,9272
70060,9273
70099,9277
70104,9278
70135,9280
70221,9281
70224,9284
70230,9288
70279,9289
70282,9291
70290,9294
70321,9298
70333,9302
70334,9303
70390,9304
70391,9305
70393,9307
70398,9308
70419,9309
70480,9310
70573,9311
70586,9316
70593,9317
70603,9320
70613,9323
70623,9329
70634,9330
70645,9331
70726,9333
70728,9334
70730,9336
70760,9340
70785,9341
70839,9344
70855,9349
70857,9351
70860,9352
70866,9353
70867,9354
70871,9355
70878,9356
70891,9359
70898,9364
70960,9365
70974,9369
70990,9370
71003,9373
71016,9377
71036,9378
71056,9380
71057,9381
71117,9389
71151,9391
71154,9392
71164,9396
71172,9402
71176,9405
71189,9410
71198,9411
71214,9415
71236,9416
71242,9420
71243,9421
71255,9423
71319,9424
71323,9425
71325,9426
71335,9428
71365,9429
71366,9430
71368,9431
71373,9432
71374,9433
71380,9434
71382,9435
71439,9438
71478,9440
71492,9441
71497,9442
71500,9444
71503,9445
71519,9446
71524,9449
71525,9450
71543,9455
71547,9458
71555,9459
71558,9461
71563,9464
71567,9466
71579,9469
71697,9472
71699,9473
71708,9476
71758,9479
71765,9481
71809,9484
71868,9491
71885,9504
71889,9505
71992,9508
72008,9511
72047,9512
72075,9515
72087,9516
72153,9518
72172,9523
72176,9524
72187,9528
72213,9536
72221,9542
72224,9545
72227,9546
72237,9548
72252,9550
72340,9562
72341,9563
72363,9564
72378,9565
72389,9571
72392,9573
72406,9575
72407,9576
72409,9578
72412,9580
72415,9583
72418,9586
72436,9588
72453,9590
72505,9591
72510,9593
72572,9596
72580,9598
72601,9601
72621,9609
72727,9609
72752,9611
72757,9613
72761,9614
72764,9615
72766,9617
72770,9620
72773,9621
72788,9623
72875,9625
73031,9630
73039,9635
73045,9636
73047,9638
73068,9639
73070,9640
73103,9645
73119,9653
73120,9654
73122,9655
73132,9656
73133,9657
73200,9663
73209,9666
73276,9677
73293,9679
73295,9681
73298,9682
73363,9685
73366,9687
73371,9690
73381,9692
73383,9693
73389,9694
73394,9698
73395,9699
73400,9702
73412,9703
73420,9704
73422,9705
73431,9708
73458,9710
73472,9712
73529,9715
73536,9716
73537,9717
73615,9724
73620,9725
73710,9728
73719,9729
73721,9731
73742,9733
73747,9734
73777,9738
73783,9740
73808,9741
73809,9742
73815,9744
73816,9744
73818,9744
73901,9746
73913,9748
73937,9753
73942,9755
73943,9756
73947,9757
73948,9758
73950,9759
74036,9761
74038,9762
74042,9763
74046,9767
74047,9768
74099,9771
74162,9772
74166,9774
74172,9776
74223,9780
74275,9784
74276,9784
74278,9785
74281,9788
74283,9789
74286,9791
74289,9793
74295,9797
74296,9798
74298,9800
74305,9801
74344,9806
74376,9812
74378,9813
74381,9816
74386,9817
74404,9818
74409,9820
74540,9828
74560,9831
74594,9833
74631,9837
74638,9839
74689,9841
74724,9848
74730,9851
74732,9852
74783,9856
74786,9859
74815,9862
74816,9863
74833,9875
74911,9879
74916,9882
74942,9887
74945,9888
75024,9894
75058,9898
75059,9898
75090,9899
75092,9900
75101,9902
75108,9905
75147,9907
75175,9912
75204,9916
75228,9917
75232,9921
75241,9926
75242,9927
75248,9928
75362,9936
75375,9938
75380,9939
75385,9940
75434,9943
75488,9950
75494,9952
75497,9954
75499,9955
75518,9956
75520,9958
75521,9959
75525,9960
75561,9962
75650,9964
75652,9965
75655,9966
75659,9967
75673,9971
75709,9974
75711,9975
75715,9977
75717,9979
75782,9983
75786,9985
75790,9986
75878,9987
75880,9988
75881,9989
75883,9991
75888,9992
75892,9996
75899,9998
75942,9999
75950,10000
75953,10003
75958,10006
75995,10008
76001,10010
76002,10010
76011,10012
76012,10013
76016,10016
76018,10018
76049,10019
76072,10022
76080,10024
76100,10027
76106,10032
76115,10033
76122,10034
76134,10037
76142,10038
76164,10040
76179,10041
76196,10042
76201,10043
76204,10045
76206,10046
76222,10049
76419,10052
76420,10053
76425,10054
76426,10055
76465,10066
76468,10069
76472,10070
76483,10073
76509,10077
76513,10078
76543,10082
76544,10083
76545,10084
76553,10091
76565,10094
76591,10098
76593,10100
76600,10101
76612,10102
76799,10104
76815,10108
76816,10109
76818,10110
76842,10114
76844,10115
76851,10119
76861,10123
76942,10125
76944,10126
76956,10128
76961,10129
76964,10130
76966,10131
76968,10132
76987,10138
77133,10143
77146,10144
77220,10147
77256,10149
77264,10152
77296,10155
77307,10159
77309,10160
77311,10162
77333,10163
77346,10165
77391,10168
77399,10170
77400,10171
77402,10172
77405,10173
77437,10174
77453,10176
77454,10177
77457,10179
77484,10186
77492,10189
77500,10191
77501,10192
77503,10194
77507,10198
77514,10203
77520,10204
77531,10206
77535,10207
77541,10209
77609,10210
77611,10212
77632,10214
77638,10216
77643,10217
77705,10218
77709,10221
77818,10222
77834,10225
77872,10229
77879,10230
77882,10231
77883,10232
77886,10234
77900,10236
77904,10240
77905,10241
77908,10243
77911,10244
77913,10246
77942,10249
77947,10253
77958,10254
77963,10255
78005,10268
78006,10269
78008,10271
78023,10274
78035,10275
78081,10276
78108,10282
78142,10285
78148,10291
78180,10294
78184,10295
78193,10296
78198,10299
78199,10300
78212,10302
78214,10304
78219,10305
78223,10307
78225,10309
78238,10315
78244,10317
78247,10320
78262,10327
78284,10337
78301,10338
78322,10341
78324,10343
78333,10344
78335,10345
78339,10346
78347,10350
78367,10351
78375,10353
78385,10358
78387,10359
78400,10360
78414,10364
78491,10371
78505,10372
78530,10375
78542,10377
78546,10378
78549,10379
78569,10380
78610,10386
78647,10388
78648,10389
78655,10391
78835,10392
78846,10394
78847,10395
78885,10403
78886,10404
78897,10407
78902,10409
78908,10413
78910,10414
78931,10416
78967,10419
78968,10419
79007,10420
79010,10421
79021,10423
79027,10424
79029,10425
79035,10426
79040,10429
79043,10430
79046,10433
79050,10436
79164,10437
79369,10438
79371,10439
79411,10443
79412,10444
79425,10446
79428,10448
79431,10450
79432,10451
79436,10452
79538,10461
79553,10463
79560,10466
79574,10469
79585,10473
79586,10474
79589,10476
79689,10477
79701,10480
79704,10481
79706,10483
79707,10484
79713,10489
79723,10491
79825,10496
79826,10497
79829,10498
79838,10503
79848,10505
79874,10506
79878,10509
79880,10510
79881,10511
79925,10516
79927,10518
79928,10519
79934,10522
79968,10526
79970,10527
79975,10529
80009,10543
80010,10544
80026,10548
80027,10549
80030,10550
80032,10551
80036,10554
80046,10555
80055,10560
80070,10561
80074,10562
80080,10565
80085,10570
80088,10571
80101,10574
80103,10576
80110,10579
80152,10582
80157,10584
80159,10585
80172,10588
80175,10590
80176,10591
80192,10593
80226,10596
80241,10601
80244,10604
80245,10605
80258,10607
80261,10608
80286,10610
80290,10612
80301,10613
80398,10617
80412,10620
80423,10622
80430,10624
80471,10625
80474,10627
80507,10631
80537,10633
80548,10635
80559,10645
80560,10646
80606,10648
80780,10655
80800,10657
80824,10660
80825,10661
80827,10662
80960,10673
81021,10678
81047,10680
81048,10681
81052,10684
81055,10685
81059,10687
81063,10691
81068,10696
81081,10697
81094,10698
81098,10699
81139,10701
81159,10702
81166,10704
81184,10708
81188,10709
81190,10711
81191,10712
81205,10713
81243,10721
81245,10722
81255,10723
81290,10724
81295,10727
81297,10729
81303,10730
81311,10731
81313,10732
81321,10733
81325,10734
81329,10736
81333,10738
81336,10739
81348,10741
81355,10745
81357,10747
81390,10748
81424,10768
81520,10774
81554,10775
81613,10785
81621,10789
81646,10794
81660,10804
81669,10808
81681,10809
81690,10815
81696,10819
81697,10820
81756,10827
81776,10828
81793,10830
81798,10831
81803,10832
81854,10834
81930,10835
81934,10837
81960,10843
81963,10844
82047,10845
82053,10846
82065,10848
82070,10851
82090,10854
82103,10855
82122,10861
82139,10863
82147,10864
82153,10868
82195,10872
82202,10873
82204,10875
82209,10879
82229,10881
82234,10884
82243,10886
82265,10888
82272,10889
82289,10890
82290,10891
82291,10892
82294,10894
82306,10895
82310,10897
82322,10898
82323,10899
82370,10906
82373,10907
82387,10911
82390,10913
82397,10914
82406,10920
82411,10921
82438,10922
82455,10923
82457,10924
82459,10925
82471,10926
82522,10928
82525,10929
82529,10932
82547,10933
82548,10934
82552,10935
82578,10936
82609,10938
82612,10939
82613,10940
82677,10944
82687,10946
82692,10947
82702,10951
82705,10952
82707,10954
82711,10955
82712,10956
82717,10957
82720,10960
82730,10962
82734,10963
82736,10965
82739,10966
82751,10969
82767,10970
82775,10971
82779,10974
82794,10975
82811,10979
82813,10981
82817,10984
82822,10986
82827,10988
82831,10992
82832,10993
82833,10994
82836,10995
82843,11000
82902,11003
82903,11004
82910,11005
82921,11006
82924,11009
82933,11013
82945,11017
82948,11020
82953,11021
82962,11022
82966,11024
82968,11025
82977,11029
83011,11030
83012,11031
83013,11032
83017,11034
83021,11038
83025,11040
83074,11042
83258,11044
83328,11046
83346,11047
83384,11048
83416,11051
83433,11058
83437,11059
83493,11060
83496,11062
83516,11064
83531,11065
83532,11066
83537,11070
83544,11075
83546,11077
83554,11080
83572,11081
83587,11084
83590,11085
83595,11086
83599,11090
83620,11094
83627,11095
83628,11096
83632,11098
83708,11100
83709,11101
83721,11103
83728,11106
83729,11107
83731,11109
83746,11110
83784,11111
83793,11118
83794,11119
83808,11121
83815,11122
83818,11123
83831,11127
83836,11128
83838,11130
83844,11132
83855,11134
83859,11136
83860,11137
83862,11139
83892,11141
83917,11147
83920,11149
83923,11151
83924,11152
83936,11158
83940,11161
83952,11165
83958,11166
83960,11168
83996,11169
84025,11170
84029,11171
84032,11172
84034,11173
84036,11174
84053,11177
84054,11178
84059,11182
84064,11183
84067,11183
84074,11185
84076,11186
84084,11190
84086,11192
84093,11193
84096,11194
84097,11195
84122,11198
84123,11199
84153,11209
84224,11211
84257,11213
84260,11214
84270,11218
84457,11225
84460,11226
84461,11227
84472,11229
84473,11230
84478,11234
84479,11235
84490,11242
84563,11243
84565,11245
84625,11248
84648,11250
84657,11254
84666,11255
84667,11256
84668,11257
84670,11259
84672,11260
84674,11261
84692,11262
84697,11263
84709,11264
84757,11266
84758,11267
84785,11273
84788,11274
84799,11277
84825,11278
84899,11279
84928,11282
84929,11283
84976,11286
84978,11288
84988,11292
85018,11293
85024,11295
85133,11301
85148,11303
85170,11307
85171,11308
85193,11309
85207,11310
85210,11313
85216,11314
85222,11315
85293,11317
85297,11318
85301,11321
85303,11323
85306,11325
85345,11326
85348,11329
85388,11331
85395,11332
85405,11337
85419,11338
85428,11340
85436,11341
85437,11341
85446,11342
85455,11343
85461,11347
85467,11352
85471,11355
85475,11356
85481,11358
85485,11359
85492,11366
85501,11372
85507,11375
85512,11376
85521,11378
85591,11384
85592,11385
85633,11387
85634,11388
85656,11390
85682,11397
85697,11398
85704,11400
85706,11401
85708,11403
85718,11407
85720,11408
85724,11412
85726,11413
85733,11418
85734,11419
85735,11420
85846,11424
85848,11425
85855,11426
85856,11427
85862,11429
85865,11431
85869,11432
85883,11433
85884,11434
85886,11435
85892,11436
85897,11439
85898,11440
85909,11441
86212,11442
86220,11443
86230,11444
86242,11446
86269,11447
86271,11449
86280,11454
86286,11460
86336,11462
86344,11464
86447,11467
86455,11468
86485,11478
86490,11479
86543,11482
86547,11485
86550,11486
86554,11489
86555,11490
86573,11493
86574,11494
86575,11495
86579,11496
86622,11498
86655,11502
86659,11504
86666,11510
86788,11517
86789,11518
86800,11526
86804,11528
86824,11529
86826,11530
86945,11532
86951,11534
86956,11537
86976,11538
86983,11540
86997,11541
87011,11544
87016,11547
87030,11555
87058,11559
87114,11560
87122,11565
87137,11567
87141,11570
87164,11573
87273,11574
87303,11575
87305,11576
87315,11578
87319,11582
87321,11584
87324,11585
87325,11586
87340,11588
87344,11590
87348,11592
87360,11593
87363,11594
87366,11597
87369,11600
87434,11601
87450,11604
87474,11605
87511,11606
87535,11609
87569,11612
87585,11613
87589,11614
87609,11615
87667,11616
87669,11617
87671,11618
87675,11619
87689,11620
87709,11625
87772,11628
87774,11630
87819,11635
87822,11638
87828,11639
87832,11642
87833,11643
87927,11645
87929,11647
87930,11648
87939,11651
87943,11652
87948,11655
87957,11657
87975,11658
87981,11663
87989,11664
88226,11666
88310,11668
88316,11672
88317,11673
88320,11674
88331,11676
88332,11677
88339,11678
88367,11679
88372,11681
88441,11683
88456,11687
88478,11689
88481,11690
88485,11691
88487,11693
88491,11696
88495,11697
88503,11701
88606,11702
88623,11708
88643,11709
88650,11711
88874,11712
88923,11717
88928,11720
88936,11722
88950,11723
88951,11724
88969,11729
88992,11731
88993,11732
88997,11734
89002,11735
89107,11739
89132,11740
89227,11743
89237,11745
89260,11749
89262,11750
89263,11751
89273,11752
89333,11754
89397,11759
89431,11760
89485,11764
89489,11765
89501,11767
89507,11769
89517,11770
89521,11771
89556,11775
89559,11777
89584,11779
89595,11781
89603,11783
89656,11788
89722,11789
89734,11793
89803,11795
89810,11798
89896,11802
89899,11803
89904,11804
89919,11805
89944,11811
89947,11812
89954,11814
89961,11817
89962,11818
89966,11819
89998,11820
90037,11822
90050,11825
90118,11826
90122,11827
90199,11829
90207,11832
90211,11833
90215,11834
90267,11835
90280,11840
90319,11842
90323,11844
90326,11845
90375,11846
90377,11847
90378,11848
90391,11849
90429,11850
90430,11851
90433,11852
90436,11854
90437,11855
90442,11856
90447,11859
90453,11863
90456,11865
90480,11870
90534,11875
90540,11877
90575,11880
90586,11881
90648,11882
90677,11886
90695,11888
90717,11889
90723,11890
90724,11891
90730,11892
90733,11893
90760,11898
90762,11899
90777,11904
90791,11905
90796,11907
90829,11909
90830,11910
90836,11911
90837,11912
90842,11913
90882,11918
90885,11919
90920,11921
90934,11929
90944,11930
90948,11933
90951,11934
90952,11935
90980,11937
91058,11943
91062,11945
91065,11948
91071,11949
91075,11950
91083,11951
91184,11957
91198,11961
91230,11962
91238,11969
91259,11970
91273,11972
91278,11975
91294,11979
91324,11985
91391,11995
91397,11998
91407,11999
91413,12002
91419,12004
91431,12005
91445,12006
91452,12007
91480,12011
91485,12013
91492,12013
91501,12014
91509,12015
91514,12017
91524,12021
91627,12028
91633,12034
91656,12039
91658,12041
91673,12044
91677,12047
91684,12052
91693,12053
91698,12054
91837,12056
91914,12057
91919,12061
91927,12063
91928,12064
91942,12070
91944,12071
91948,12072
91975,12073
91976,12073
92096,12074
92115,12076
92128,12077
92174,12081
92176,12083
92199,12085
92201,12086
92206,12087
92219,12090
92221,12092
92232,12095
92233,12096
92235,12097
92264,12099
92280,12102
92285,12104
92292,12108
92300,12109
92354,12110
92402,12110
92449,12112
92450,12113
92452,12115
92496,12118
92535,12119
92541,12124
92587,12126
92590,12127
92591,12128
92632,12130
92643,12131
92644,12131
92665,12132
92687,12136
92688,12137
92694,12139
92716,12141
92736,12144
92741,12145
92742,12146
92746,12147
92751,12149
92754,12151
92755,12152
92757,12154
92761,12155
92769,12156
92771,12158
92773,12160
92805,12161
92838,12163
92845,12164
92871,12166
92896,12168
92906,12169
92925,12171
92931,12172
92934,12173
92980,12174
92999,12182
93007,12185
93064,12186
93088,12188
93103,12191
93142,12194
93144,12195
93188,12196
93190,12197
93203,12200
93253,12207
93287,12210
93292,12212
93314,12213
93316,12214
93333,12221
93373,12224
93384,12228
93461,12232
93518,12234
93542,12235
93544,12237
93557,12238
93559,12239
93627,12243
93628,12244
93643,12247
93644,12248
93653,12250
93655,12252
93659,12255
93667,12258
93671,12260
93678,12261
93698,12273
93701,12274
93704,12275
93712,12277
93717,12280
93729,12282
93730,12283
93733,12285
93734,12286
93748,12289
93750,12291
93752,12293
93781,12294
93782,12295
93793,12299
93816,12300
93822,12303
93839,12304
93841,12305
93844,12307
93849,12308
93853,12309
93873,12310
93896,12311
93919,12312
93920,12313
93924,12314
93932,12317
93973,12322
93984,12324
93988,12327
93996,12329
94039,12331
94043,12332
94047,12336
94093,12338
94113,12341
94115,12342
94116,12343
94137,12346
94138,12347
94154,12349
94167,12352
94174,12355
94177,12357
94240,12359
94249,12360
94251,12362
94269,12364
94270,12365
94314,12367
94317,12369
94327,12372
94340,12376
94343,12377
94356,12378
94363,12381
94377,12389
94381,12391
94383,12393
94389,12394
94432,12399
94436,12401
94461,12404
94502,12410
94505,12412
94511,12414
94532,12415
94534,12416
94617,12429
94618,12429
94704,12430
94768,12431
94773,12432
94783,12433
94789,12435
94791,12436
94803,12437
94976,12440
94985,12442
94989,12445
95005,12448
95009,12451
95014,12452
95016,12453
95024,12456
95038,12458
95042,12459
95045,12460
95048,12462
95071,12466
95078,12468
95081,12469
95084,12470
95104,12471
95108,12472
95114,12473
95136,12479
95138,12481
95187,12485
95189,12487
95199,12489
95332,12491
95335,12493
95342,12494
95362,12495
95363,12496
95364,12497
95384,12499
95385,12500
95394,12501
95406,12503
95413,12506
95417,12508
95424,12509
95447,12512
95456,12513
95458,12514
95460,12516
95500,12517
95503,12520
95507,12521
95512,12522
95515,12523
95582,12526
95584,12528
95850,12533
95864,12536
95868,12537
95870,12538
95878,12540
95879,12541
95881,12542
95893,12546
96002,12549
96021,12550
96032,12550
96058,12556
96059,12557
96061,12559
96062,12560
96104,12562
96114,12565
96129,12568
96134,12569
96184,12570
96191,12575
96194,12578
96200,12582
96204,12584
96224,12585
96363,12588
96369,12591
96382,12593
96441,12596
96445,12597
96550,12598
96558,12603
96559,12604
96598,12605
96601,12607
96602,12608
96611,12609
96612,12610
96614,12612
96639,12615
96641,12616
96644,12618
96652,12621
96705,12623
96749,12625
96803,12626
96806,12628
96816,12629
96818,12630
96840,12633
96876,12639
96881,12640
96894,12643
96956,12644
96964,12645
96992,12649
97017,12651
97020,12653
97027,12655
97034,12656
97114,12659
97125,12659
97205,12661
97218,12663
97239,12664
97325,12667
97329,12668
97335,12673
97336,12674
97338,12675
97365,12677
97388,12678
97390,12680
97392,12682
97409,12685
97425,12690
97554,12694
97573,12702
97582,12703
97586,12705
97657,12707
97669,12709
97671,12711
97711,12714
97737,12719
97740,12721
97748,12723
97804,12732
97809,12734
97812,12735
97828,12736
97852,12738
97861,12739
97926,12741
97953,12743
97954,12743
97966,12745
97972,12746
98060,12747
98132,12749
98171,12757
98174,12760
98186,12763
98190,12764
98192,12766
98238,12767
98252,12768
98257,12769
98374,12772
98376,12773
98377,12774
98386,12781
98387,12782
98410,12785
98462,12795
98482,12798
98485,12799
98487,12800
98519,12801
98524,12803
98714,12806
98745,12809
98749,12810
98785,12813
98807,12818
98924,12820
98925,12821
98928,12824
98929,12825
98933,12828
98942,12833
98947,12836
98949,12837
98951,12838
98952,12839
98958,12840
98961,12843
98978,12844
98983,12849
98986,12852
98989,12853
99320,12856
99333,12860
99334,12861
99349,12862
99356,12865
99360,12866
99384,12867
99386,12868
99387,12869
99389,12870
99395,12873
99402,12875
99467,12876
99491,12879
99581,12885
99589,12888
99591,12889
99597,12890
99622,12892
99703,12893
99704,12894
99749,12896
99752,12897
99834,12902
99866,12904
99874,12906
99877,12908
99904,12911
99974,12913
99987,12918
100008,12919
100009,12920
100016,12926
100019,12927
100024,12931
100035,12932
100037,12934
100041,12938
100043,12940
100057,12941
100058,12942
100060,12944
100062,12945
100064,12947
100065,12948
100070,12950
100073,12951
100118,12952
100121,12953
100209,12962
100216,12966
100220,12967
100224,12970
100230,12973
100234,12975
100257,12978
100375,12981
100381,12986
100416,12988
100417,12989
100434,12990
100443,12991
100444,12992
100448,12994
100451,12997
100489,13002
100495,13003
100496,13004
100501,13007
100569,13018
100575,13020
100586,13025
100590,13029
100616,13037
100618,13039
100625,13040
100629,13041
100650,13045
100653,13048
100668,13050
100677,13052
100682,13056
100684,13058
100689,13059
100694,13061
100696,13063
100700,13065
100701,13066
100705,13067
100706,13068
100710,13072
100749,13073
100771,13074
100780,13075
100878,13076
100882,13079
100883,13080
100884,13081
100894,13082
100943,13083
100945,13085
100947,13087
100949,13089
100951,13091
100968,13092
100971,13093
100986,13096
100993,13098
101013,13100
101021,13102
101031,13107
101044,13113
101046,13115
101050,13116
101054,13119
101055,13120
101056,13121
101061,13124
101071,13127
101074,13128
101091,13130
101093,13132
101095,13133
101106,13135
101113,13139
101121,13140
101129,13145
101133,13148
101135,13149
101149,13155
101154,13156
101158,13159
101159,13160
101165,13165
101168,13168
101170,13169
101176,13172
101178,13174
101181,13175
101194,13176
101200,13178
101202,13180
101211,13182
101213,13184
101226,13187
101241,13189
101270,13193
101272,13194
101296,13195
101299,13196
101302,13197
101315,13207
101320,13211
101331,13212
101332,13213
101333,13214
101335,13215
101339,13216
101348,13217
101371,13219
101400,13220
101403,13223
101519,13226
101532,13227
101543,13228
101549,13230
101557,13232
101567,13234
101571,13235
101573,13237
101578,13241
101579,13242
101580,13243
101581,13244
101588,13246
101597,13247
101603,13248
101650,13251
101735,13257
101741,13258
101742,13259
101744,13261
101770,13262
101787,13265
101792,13269
101796,13270
101810,13271
101820,13273
101829,13276
101851,13284
101858,13285
101874,13290
101880,13293
101916,13298
101918,13300
101943,13302
101950,13304
101955,13306
101956,13307
101961,13308
101964,13309
101968,13311
102007,13316
102010,13317
102031,13318
102045,13319
102047,13320
102064,13321
102065,13322
102066,13323
102071,13326
102078,13327
102080,13328
102096,13333
102101,13336
102104,13339
102105,13340
102110,13342
102112,13343
102132,13349
102153,13350
102155,13352
102167,13358
102171,13359
102286,13361
102292,13366
102298,13368
102306,13373
102307,13374
102324,13376
102325,13377
102329,13378
102334,13380
102349,13382
102352,13384
102359,13388
102404,13389
102406,13391
102443,13392
102455,13393
102599,13398
102606,13399
102608,13401
102624,13402
102637,13403
102641,13404
102703,13405
102708,13409
102716,13410
102717,13411
102718,13412
102722,13413
102726,13416
102731,13417
102735,13419
102736,13420
102748,13431
102751,13433
102755,13434
102761,13435
102773,13438
102776,13439
102817,13440
102852,13441
102863,13442
102877,13449
102893,13450
102896,13451
102936,13453
102937,13454
102939,13456
102947,13458
102949,13459
102951,13460
102953,13461
102977,13462
102990,13464
103091,13466
103096,13470
103098,13471
103103,13472
103114,13476
103191,13478
103193,13479
103219,13481
103221,13483
103222,13484
103223,13485
103226,13486
103307,13488
103325,13490
103337,13493
103370,13495
103383,13500
103395,13501
103402,13502
103443,13507
103446,13510
103453,13511
103478,13512
103483,13513
103508,13515
103509,13516
103528,13517
103554,13518
103559,13519
103598,13520
103606,13522
103691,13524
103753,13527
103758,13532
103760,13533
103761,13534
103768,13538
103774,13540
103790,13542
103839,13546
103862,13553
103864,13555
103875,13560
103883,13561
103884,13562
103890,13565
103925,13568
103928,13571
103944,13576
103950,13577
103955,13579
103957,13580
103960,13582
103977,13587
103981,13591
103989,13593
104007,13594
104013,13595
104022,13596
104025,13599
104027,13601
104040,13602
104046,13605
104047,13606
104048,13607
104094,13612
104097,13614
104109,13615
104115,13618
104124,13621
104126,13622
104148,13623
104153,13625
104156,13626
104169,13629
104229,13631
104242,13633
104249,13634
104251,13636
104256,13637
104284,13641
104289,13644
104293,13648
104339,13651
104346,13653
104362,13657
104367,13662
104385,13666
104394,13671
104396,13673
104424,13675
104469,13676
104491,13677
104520,13678
104548,13683
104563,13685
104582,13686
104586,13689
104590,13690
104617,13691
104632,13696
104674,13700
104681,13702
104701,13705
104716,13706
104718,13707
104737,13710
104739,13711
104749,13717
104815,13721
104826,13722
104834,13726
104853,13727
104856,13728
104884,13730
104885,13731
104886,13732
104887,13733
104888,13734
104889,13735
104892,13737
104893,13738
104898,13741
104899,13742
104933,13745
104939,13746
104991,13747
104992,13748
104995,13749
105001,13751
105002,13752
105003,13752
105007,13753
105010,13755
105013,13757
105015,13758
105018,13761
105020,13762
105021,13763
105031,13767
105037,13771
105077,13772
105103,13775
105138,13776
105139,13777
105205,13783
105229,13785
105233,13786
105235,13787
105254,13791
105255,13792
105257,13793
105277,13794
105336,13795
105344,13798
105361,13804
105363,13805
105364,13806
105368,13809
105375,13812
105383,13813
105430,13817
105431,13818
105433,13820
105437,13823
105454,13824
105466,13825
105485,13827
105489,13829
105492,13831
105502,13833
105507,13838
105508,13839
105509,13840
105515,13841
105523,13844
105531,13845
105542,13849
105557,13852
105569,13854
105619,13855
105620,13856
105636,13857
105640,13858
105698,13859
105704,13860
105749,13861
105754,13863
105783,13865
105795,13867
105796,13868
105822,13870
105849,13873
105946,13882
105952,13883
105964,13887
105967,13888
106008,13896
106010,13898
106011,13899
106013,13901
106029,13902
106037,13907
106038,13908
106041,13910
106044,13912
106072,13914
106074,13916
106075,13917
106091,13921
106093,13923
106120,13925
106173,13929
106194,13930
106211,13934
106237,13935
106238,13936
106245,13941
106336,13945
106348,13947
106359,13955
106380,13956
106385,13958
106389,13959
106407,13960
106411,13964
106429,13966
106489,13968
106493,13970
106602,13974
106616,13975
106621,13976
106623,13978
106625,13979
106628,13981
106631,13982
106634,13984
106640,13987
106644,13990
106645,13991
106659,13996
106668,13998
106672,14002
106673,14003
106676,14006
106688,14009
106704,14012
106715,14013
106763,14016
106774,14021
106781,14027
106784,14029
106802,14035
106805,14038
106809,14039
106834,14043
106841,14047
106845,14049
106870,14050
106936,14057
106945,14062
106949,14063
106958,14064
106963,14065
106965,14066
106970,14068
106976,14068
107099,14069
107107,14070
107112,14072
107147,14074
107166,14090
107168,14091
107176,14096
107179,14098
107192,14102
107196,14103
107212,14104
107218,14108
107221,14109
107255,14110
107261,14112
107280,14118
107284,14119
107299,14121
107300,14121
107301,14121
107445,14123
107454,14124
107583,14131
107584,14132
107592,14134
107611,14137
107645,14142
107658,14144
107661,14146
107688,14149
107705,14152
107706,14153
107711,14154
107712,14155
107716,14156
107719,14158
107803,14161
107812,14164
107815,14166
107816,14166
107823,14167
107847,14169
107854,14173
107858,14174
107861,14175
107867,14176
107880,14178
107971,14181
107974,14183
107977,14185
107991,14186
107994,14188
108000,14192
108014,14193
108015,14194
108018,14197
108029,14200
108032,14202
108033,14203
108057,14209
108068,14210
108073,14211
108078,14212
108109,14213
108111,14215
108116,14217
108117,14218
108146,14220
108180,14221
108206,14226
108238,14229
108240,14230
108241,14231
108242,14232
108246,14233
108251,14238
108254,14241
108255,14242
108269,14248
108272,14250
108287,14251
108303,14253
108322,14254
108336,14255
108346,14257
108348,14258
108375,14259
108380,14262
108383,14263
108385,14265
108430,14267
108435,14269
108505,14274
108507,14276
108520,14278
108525,14280
108537,14281
108596,14284
108597,14285
108600,14286
108604,14287
108630,14289
108645,14291
108648,14293
108654,14295
108666,14296
108669,14297
108707,14299
108710,14300
108713,14301
108716,14303
108720,14304
108729,14308
108730,14309
108735,14312
108772,14313
108792,14316
108796,14317
108801,14319
108825,14325
108828,14328
108836,14330
108844,14334
108845,14335
108847,14336
108852,14337
108888,14339
108889,14340
108890,14341
108892,14342
108906,14343
108918,14344
108962,14345
109015,14355
109019,14358
109024,14359
109028,14362
109030,14364
109037,14365
109044,14367
109066,14370
109067,14371
109096,14373
109112,14376
109121,14377
109123,14379
109124,14380
109131,14382
109146,14387
109151,14391
109172,14393
109245,14399
109249,14402
109251,14403
109285,14407
109286,14408
109292,14410
109325,14414
109352,14417
109354,14419
109359,14421
109449,14430
109507,14431
109550,14438
109569,14439
109582,14440
109595,14444
109598,14446
109610,14451
109708,14454
109710,14456
109744,14457
109751,14458
109752,14459
109766,14463
109772,14467
109779,14472
109786,14473
109811,14475
109812,14476
109814,14477
109817,14479
109821,14480
109823,14481
109834,14482
109836,14483
109870,14494
109871,14495
109874,14498
109920,14504
109927,14505
109943,14507
109960,14511
109962,14512
109986,14513
110007,14520
110020,14522
110021,14523
110031,14525
110037,14526
110040,14527
110049,14528
110052,14529
110053,14530
110054,14531
110085,14534
110201,14535
110204,14538
110207,14539
110212,14541
110218,14544
110219,14545
110234,14547
110237,14549
110239,14551
110253,14552
110261,14554
110283,14555
110317,14560
110322,14564
110329,14565
110336,14571
110383,14573
110386,14574
110397,14575
110398,14576
110399,14577
110400,14578
110412,14579
110414,14581
110459,14586
110463,14590
110467,14593
110487,14594
110573,14597
110575,14599
110576,14600
110577,14601
110579,14602
110603,14603
110637,14604
110639,14606
110656,14616
110662,14618
110667,14623
110668,14624
110699,14629
110706,14634
110714,14637
110716,14639
110720,14642
110766,14644
110770,14645
110779,14646
110790,14647
110796,14651
110804,14652
110811,14653
110835,14654
110843,14660
110846,14662
110853,14663
110857,14664
110934,14666
110974,14667
110993,14669
110996,14670
111033,14671
111064,14672
111083,14673
111087,14675
111148,14680
111150,14681
111159,14685
111161,14686
111163,14688
111166,14689
111167,14690
111168,14691
111186,14693
111191,14697
111192,14698
111209,14702
111252,14704
111274,14707
111278,14711
111299,14713
111322,14716
111400,14717
111402,14719
111413,14720
111421,14721
111423,14722
111452,14723
111516,14724
111538,14725
111541,14727
111542,14728
111579,14731
111605,14732
111709,14733
111717,14734
111745,14735
111747,14736
111754,14737
111770,14741
111782,14744
111848,14752
111857,14755
111867,14756
111871,14759
111872,14760
111889,14764
111901,14767
111948,14769
111949,14770
111953,14774
111971,14776
111987,14778
111990,14780
112002,14784
112004,14786
112008,14787
112009,14788
112011,14789
112019,14795
112021,14796
112049,14804
112061,14813
112083,14815
112104,14820
112108,14821
112111,14822
112142,14825
112147,14826
112148,14827
112161,14830
112228,14832
112265,14837
112267,14839
112277,14842
112326,14849
112352,14852
112373,14853
112386,14855
112388,14856
112435,14858
112448,14862
112449,14863
112450,14864
112451,14865
112454,14867
112468,14869
112490,14870
112505,14871
112509,14873
112514,14874
112518,14877
112519,14878
112526,14882
112531,14884
112538,14886
112540,14887
112543,14889
112548,14890
112568,14893
112570,14895
112573,14898
112592,14909
112620,14910
112631,14912
112649,14918
112652,14919
112666,14920
112667,14921
112673,14923
112681,14925
112694,14928
112699,14929
112740,14931
112786,14939
112787,14940
112794,14942
112820,14945
112830,14946
112831,14947
112848,14952
112885,14953
112967,14958
112976,14962
112977,14963
112984,14967
112989,14968
113007,14970
113030,14972
113033,14973
113048,14977
113053,14978
113063,14982
113089,14983
113110,14985
113114,14986
113117,14989
113130,14997
113131,14998
113133,14999
113283,15000
113351,15004
113368,15006
113370,15007
113372,15008
113374,15009
113413,15012
113414,15012
113496,15016
113503,15020
113513,15024
113524,15026
113552,15029
113553,15030
113559,15033
113568,15034
113583,15037
113595,15039
113612,15044
113625,15045
113626,15046
113629,15047
113633,15048
113644,15052
113672,15055
113687,15057
113778,15058
113788,15062
113805,15063
113808,15064
113850,15066
113853,15068
113870,15074
113927,15075
113931,15076
113938,15078
113949,15080
114042,15084
114064,15087
114070,15091
114073,15094
114084,15097
114086,15099
114092,15101
114099,15105
114123,15106
114124,15107
114128,15110
114132,15112
114154,15113
114175,15116
114222,15124
114299,15125
114316,15129
114322,15132
114334,15133
114458,15134
114467,15137
114470,15139
114474,15142
114523,15151
114532,15153
114655,15154
114660,15156
114677,15158
114757,15160
114760,15163
114819,15169
114827,15170
114832,15171
114844,15177
114849,15178
114850,15179
114854,15180
114867,15181
114868,15182
114872,15185
114881,15186
114889,15194
114896,15199
114909,15200
114927,15201
114941,15204
114946,15205
114959,15209
114984,15214
114992,15216
115076,15221
115101,15223
115106,15224
115135,15228
115158,15233
115159,15234
115165,15237
115181,15239
115184,15241
115187,15243
115188,15244
115192,15247
115214,15249
115215,15250
115219,15253
115248,15256
115249,15257
115273,15264
115290,15279
115294,15283
115296,15285
115326,15286
115336,15288
115337,15289
115384,15290
115396,15295
115398,15295
115496,15298
115505,15300
115515,15301
115534,15303
115537,15304
115557,15309
115565,15311
115568,15313
115573,15317
115574,15318
115583,15325
115593,15328
115596,15329
115612,15330
115630,15332
115633,15334
115642,15335
115645,15337
115647,15338
115650,15339
115696,15342
115716,15345
115721,15347
115784,15349
115798,15355
115804,15358
115806,15359
115852,15361
115935,15364
115950,15365
115952,15366
115988,15367
116022,15370
116047,15371
116051,15373
116127,15375
116134,15377
116136,15378
116144,15380
116145,15381
116164,15383
116166,15385
116174,15387
116175,15388
116197,15389
116214,15393
116231,15394
116276,15399
116282,15402
116293,15404
116309,15409
116311,15410
116313,15412
116316,15415
116324,15417
116330,15420
116347,15421
116354,15422
116360,15425
116366,15429
116380,15434
116415,15436
116419,15438
116439,15440
116453,15443
116457,15444
116460,15445
116466,15447
116468,15448
116472,15449
116507,15450
116525,15455
116592,15456
116604,15460
116607,15462
116612,15465
116667,15466
116692,15467
116693,15468
116712,15472
116770,15473
116771,15474
116796,15477
116803,15479
116805,15481
116807,15483
116813,15485
116831,15489
116840,15490
116841,15491
116849,15494
116851,15496
116863,15497
116867,15501
116868,15502
116892,15504
116898,15505
116900,15506
116903,15507
116911,15508
116966,15512
116967,15512
116973,15515
116980,15516
116983,15519
116991,15525
116993,15527
116997,15529
117037,15530
117039,15531
117049,15532
117057,15537
117145,15540
117151,15544
117154,15545
117169,15549
117171,15551
117174,15553
117222,15556
117288,15558
117312,15563
117330,15575
117344,15576
117403,15578
117449,15581
117450,15582
117461,15585
117462,15586
117469,15592
117470,15593
117474,15597
117499,15598
117504,15599
117516,15600
117529,15606
117532,15608
117535,15610
117562,15614
117583,15619
117597,15624
117601,15627
117613,15628
117653,15629
117659,15634
117661,15635
117666,15640
117676,15642
117704,15645
117708,15646
117709,15647
117712,15649
117723,15650
117762,15657
117774,15662
117783,15664
117787,15667
117789,15668
117792,15669
117795,15671
117829,15674
117830,15675
117832,15677
117855,15685
117860,15686
117880,15695
117882,15696
117888,15698
117928,15700
117932,15702
117968,15706
117974,15707
117990,15710
117998,15711
117999,15712
118002,15714
118003,15715
118009,15718
118021,15722
118033,15724
118040,15725
118058,15730
118092,15734
118096,15738
118101,15741
118110,15743
118111,15744
118116,15748
118126,15753
118132,15754
118175,15755
118287,15757
118288,15758
118295,15759
118298,15762
118300,15763
118302,15765
118346,15774
118358,15778
118362,15780
118385,15786
118386,15787
118387,15788
118401,15795
118562,15797
118564,15798
118565,15799
118566,15800
118567,15801
118568,15802
118683,15803
118684,15804
118691,15806
118692,15807
118699,15808
118702,15811
118706,15811
118787,15812
118818,15813
118837,15814
118919,15815
118925,15816
118949,15818
118952,15820
119000,15827
119003,15829
119008,15831
119010,15833
119012,15834
119027,15840
119036,15842
119037,15843
119041,15844
119044,15845
119045,15846
119067,15848
119068,15849
119080,15853
119102,15854
119106,15856
119119,15858
119127,15859
119129,15860
119132,15862
119219,15864
119237,15868
119256,15869
119262,15870
119336,15875
119363,15884
119369,15885
119374,15887
119385,15889
119386,15890
119392,15893
119443,15894
119484,15895
119489,15899
119508,15901
119783,15902
119784,15903
119787,15906
119788,15907
119792,15908
119832,15913
119833,15914
119837,15919
119847,15921
119851,15922
119885,15925
119894,15926
119902,15929
119905,15930
119907,15931
119918,15932
119921,15933
119924,15936
119985,15937
120020,15945
120043,15949
120054,15952
120066,15953
120069,15955
120071,15956
120103,15959
120104,15960
120106,15962
120109,15963
120128,15966
120133,15968
120203,15969
120208,15970
120210,15971
120260,15974
120267,15976
120286,15979
120309,15986
120318,15988
120344,15991
120348,15994
120352,15995
120354,15997
120365,16000
120366,16001
120371,16004
120372,16005
120383,16007
120389,16008
120405,16011
120406,16012
120432,16015
120434,16016
120443,16019
120448,16021
120450,16023
120453,16026
120456,16028
120459,16030
120461,16031
120467,16032
120491,16036
120517,16039
120520,16040
120550,16041
120629,16042
120636,16044
120643,16046
120646,16047
120647,16048
120648,16049
120651,16050
120664,16052
120695,16053
120698,16055
120741,16065
120753,16067
120754,16068
120755,16069
120756,16070
120772,16075
120812,16076
120839,16080
120858,16082
120863,16084
120868,16088
120897,16091
120905,16093
120907,16094
121032,16097
121047,16102
121050,16104
121066,16110
121073,16112
121142,16118
121159,16124
121172,16127
121201,16128
121208,16130
121210,16132
121221,16138
121224,16139
121244,16143
121269,16146
121273,16148
121415,16149
121416,16150
121451,16153
121455,16156
121478,16158
121488,16160
121489,16161
121498,16166
121500,16167
121518,16168
121549,16169
121587,16170
121604,16171
121612,16173
121613,16174
121656,16175
121658,16177
121659,16178
121664,16179
121668,16181
121682,16182
121684,16183
121694,16185
121695,16186
121719,16187
121755,16190
121757,16192
121781,16193
121799,16196
121817,16197
121913,16199
121917,16201
121918,16202
121921,16203
121922,16204
121923,16204
121931,16209
122003,16211
122006,16212
122008,16214
122020,16215
122030,16220
122033,16223
122070,16225
122075,16228
122078,16230
122085,16232
122110,16233
122126,16236
122455,16238
122461,16240
122464,16241
122488,16242
122494,16243
122495,16244
122505,16246
122519,16249
122522,16250
122524,16251
122539,16260
122544,16262
122548,16263
122560,16266
122561,16267
122563,16268
122609,16270
122616,16271
122650,16274
122660,16276
122663,16279
122690,16285
122694,16286
122745,16291
122754,16297
122771,16298
122774,16300
122778,16303
122786,16306
122805,16307
122810,16308
122815,16312
122823,16315
122833,16317
122873,16318
122876,16321
122880,16322
122887,16324
122891,16325
122916,16327
122918,16328
122924,16331
122927,16333
123015,16338
123016,16339
123020,16341
123024,16343
123034,16344
123103,16346
123114,16347
123125,16350
123127,16351
123159,16352
123162,16355
123176,16357
123397,16359
123400,16362
123411,16364
123412,16365
123420,16366
123472,16367
123486,16376
123487,16377
123492,16378
123493,16378
123552,16380
123572,16384
123651,16386
123677,16388
123693,16389
123697,16390
123715,16391
123753,16395
123757,16398
123759,16400
123765,16403
123768,16406
123775,16411
123833,16412
123847,16414
123849,16415
123860,16418
123868,16421
123877,16422
123893,16424
123898,16425
123911,16426
123913,16427
123931,16429
123956,16430
123965,16438
123970,16439
123981,16440
124001,16442
124006,16444
124036,16446
124038,16448
124057,16449
124078,16451
124082,16452
124090,16453
124107,16457
124108,16458
124112,16460
124114,16461
124120,16462
124123,16463
124125,16465
124130,16469
124140,16470
124397,16474
124409,16478
124412,16479
124462,16482
124540,16486
124560,16495
124583,16498
124584,16499
124598,16500
124606,16502
124616,16504
124621,16505
124722,16508
124754,16516
124763,16517
124771,16521
124818,16523
124825,16529
124827,16531
124830,16534
124846,16536
124851,16538
124852,16539
124854,16541
124865,16542
124870,16546
124879,16548
124880,16549
124883,16551
124885,16552
124895,16553
124942,16556
124949,16560
124951,16562
124977,16564
125059,16565
125061,16567
125072,16572
125081,16577
125087,16578
125123,16588
125131,16595
125132,16596
125176,16601
125188,16604
125226,16605
125241,16606
125398,16607
125400,16608
125449,16612
125450,16613
125452,16614
125457,16616
125469,16622
125470,16623
125474,16626
125566,16629
125629,16630
125638,16634
125642,16636
125644,16637
125668,16639
125678,16640
125724,16641
125725,16642
125730,16644
125731,16645
125735,16649
125737,16651
125766,16654
125786,16659
125790,16661
125813,16662
125814,16663
125820,16666
125822,16667
125824,16668
125837,16670
125859,16676
125860,16677
125894,16679
125896,16681
125918,16684
125925,16687
125933,16688
125935,16690
125937,16692
125938,16693
125941,16695
125943,16697
125944,16698
125957,16702
125958,16703
125961,16705
125985,16706
125987,16707
126020,16708
126021,16709
126025,16712
126030,16715
126035,16716
126054,16717
126058,16718
126081,16719
126085,16720
126150,16733
126175,16734
126321,16738
126341,16740
126357,16741
126358,16742
126361,16743
126376,16751
126379,16753
126382,16755
126392,16758
126394,16759
126411,16760
126459,16761
126485,16762
126490,16765
126499,16768
126513,16771
126525,16772
126528,16775
126529,16776
126548,16783
126554,16784
126555,16785
126603,16787
126609,16788
126719,16792
126740,16793
126782,16804
126784,16805
126785,16806
126803,16807
126805,16808
126961,16811
126966,16814
126977,16815
126988,16816
126990,16818
127003,16824
127026,16825
127046,16829
127051,16831
127082,16834
127088,16838
127091,16840
127102,16841
127116,16843
127146,16847
127152,16851
127163,16855
127178,16859
127181,16862
127182,16863
127183,16864
127195,16869
127200,16871
127217,16872
127234,16873
127242,16876
127243,16877
127245,16878
127254,16879
127299,16880
127303,16882
127363,16883
127366,16885
127371,16887
127395,16889
127409,16890
127410,16891
127422,16893
127425,16894
127434,16898
127443,16901
127452,16903
127482,16905
127490,16908
127529,16911
127531,16912
127538,16913
127539,16914
127552,16921
127573,16922
127640,16926
127644,16930
127645,16931
127655,16939
127661,16944
127667,16945
127671,16947
127673,16948
127674,16949
127677,16952
127686,16953
127687,16954
127701,16958
127714,16960
127721,16966
127726,16967
127733,16967
127941,16968
127942,16969
127950,16970
127962,16975
127967,16977
127969,16978
127971,16979
127975,16980
127976,16981
127977,16982
127988,16986
128013,16987
128016,16989
128021,16992
128120,16993
128123,16995
128131,16997
128146,17000
128148,17001
128150,17002
128152,17004
128472,17005
128481,17006
128485,17008
128497,17009
128510,17011
128513,17014
128514,17015
128520,17020
128545,17022
128549,17023
128563,17024
128570,17027
128636,17031
128652,17033
128673,17035
128743,17039
128746,17040
128748,17042
128751,17044
128757,17045
128784,17047
128807,17050
128819,17051
128844,17053
128845,17054
128849,17056
128851,17057
128920,17062
128938,17064
128953,17065
128955,17066
128961,17067
128963,17069
129011,17072
129028,17074
129049,17076
129059,17077
129069,17078
129070,17079
129075,17081
129078,17082
129104,17088
129194,17097
129213,17100
129215,17100
129252,17103
129253,17104
129258,17107
129262,17109
129266,17111
129267,17112
129270,17113
129280,17114
129282,17116
129287,17118
129318,17127
129326,17129
129333,17131
129345,17133
129353,17134
129357,17135
129421,17137
129425,17139
129491,17142
129503,17147
129534,17149
129538,17150
129546,17152
129550,17153
129554,17154
129607,17156
129612,17157
129621,17158
129650,17164
129656,17169
129668,17170
129672,17174
129674,17175
129688,17179
129696,17180
129819,17181
129830,17184
129861,17185
129922,17187
129964,17188
129974,17189
129981,17190
129984,17191
129987,17193
130018,17195
130039,17196
130081,17198
130090,17203
130091,17204
130102,17207
130105,17209
130154,17215
130168,17216
130183,17221
130206,17229
130208,17231
130210,17233
130213,17236
130214,17237
130218,17241
130312,17245
130313,17246
130314,17247
130327,17248
130335,17249
130389,17251
130422,17253
130426,17257
130428,17259
130441,17262
130453,17263
130508,17264
130509,17265
130518,17267
130551,17270
130603,17271
130604,17272
130606,17273
130607,17274
130608,17275
130611,17277
130625,17280
130633,17281
130654,17286
130655,17287
130674,17289
130676,17290
130678,17292
130679,17293
130681,17294
130708,17299
130733,17301
130737,17302
130739,17303
130742,17305
130752,17308
130760,17312
130777,17319
130785,17320
130786,17321
130797,17323
130829,17324
130842,17329
130845,17330
130858,17331
130871,17332
130882,17335
130909,17338
130913,17339
130919,17341
130922,17343
130925,17344
130941,17345
130947,17346
130980,17352
130986,17355
130990,17356
131005,17357
131074,17358
131087,17359
131108,17361
131115,17367
131117,17368
131128,17372
131132,17373
131160,17379
131172,17381
131225,17382
131261,17383
131290,17385
131312,17386
131377,17387
131384,17389
131388,17390
131391,17392
131451,17395
131508,17401
131536,17402
131550,17405
131606,17407
131617,17408
131624,17410
131625,17411
131630,17412
131633,17414
131638,17415
131642,17417
131658,17418
131661,17420
131674,17422
131676,17424
131679,17426
131708,17428
131713,17431
131716,17433
131722,17434
131737,17435
131743,17437
131751,17440
131760,17441
131789,17445
131798,17446
131800,17447
131806,17451
131823,17453
131830,17457
131839,17458
131841,17459
131849,17461
131887,17464
131891,17465
131900,17468
131911,17469
131923,17471
131924,17472
131926,17473
131944,17478
131950,17479
132034,17482
132068,17486
132072,17487
132090,17491
132092,17492
132094,17494
132099,17498
132136,17502
132155,17506
132185,17508
132192,17509
132198,17510
132200,17512
132201,17513
132206,17516
132210,17517
132337,17522
132340,17524
132377,17525
132382,17526
132412,17527
132413,17528
132526,17531
132535,17533
132539,17535
132541,17537
132576,17539
132578,17540
132582,17541
132661,17548
132707,17549
132718,17554
132742,17555
132747,17558
132750,17559
132802,17560
132841,17561
132843,17563
132865,17565
132876,17572
132882,17574
132950,17575
132956,17576
133053,17578
133077,17580
133088,17586
133096,17587
133112,17589
133154,17596
133161,17603
133165,17604
133184,17605
133189,17606
133209,17610
133210,17611
133213,17614
133218,17616
133228,17617
133253,17619
133329,17621
133335,17622
133336,17623
133390,17624
133391,17625
133394,17627
133400,17628
133404,17630
133405,17631
133410,17632
133425,17636
133428,17638
133436,17643
133456,17644
133460,17648
133462,17649
133466,17650
133470,17652
133563,17655
133569,17658
133722,17659
133726,17660
133741,17661
133760,17665
133761,17666
133763,17669
133766,17671
133768,17672
133770,17673
133874,17674
133900,17681
133906,17685
133925,17685
134042,17686
134046,17690
134048,17692
134055,17693
134057,17695
134065,17697
134077,17703
134088,17704
134128,17708
134129,17709
134139,17710
134182,17714
134217,17718
134218,17719
134221,17720
134256,17723
134446,17724
134463,17726
134523,17730
134540,17731
134554,17734
134563,17740
134564,17741
134585,17749
134637,17753
134638,17754
134664,17756
134672,17758
134701,17759
134702,17760
134704,17761
134710,17762
134711,17763
134720,17764
134737,17769
134755,17770
