,movieID,num_ratings
4645,5317,232945
2665,15124,216597
479,14313,200833
6646,15205,196398
439,1905,193942
6384,6287,193296
904,11283,181509
2640,16377,181427
5806,16242,178069
3089,12470,177557
378,15582,176540
493,9340,173597
4309,6972,171992
3267,12317,164793
7049,2152,162598
442,3860,160455
4147,15107,160327
5352,6037,158602
4302,4432,156184
1746,571,154833
1771,14538,154641
2945,14367,154349
1702,3938,153997
5851,12232,152407
1036,7624,152086
7248,11064,152079
2737,4996,151848
1564,4306,151293
1155,7234,151032
6628,13728,150593
4195,6386,148147
4414,12911,147662
332,13050,147314
5759,8782,147252
1278,13081,147237
7,17169,145541
3484,1962,145520
2559,16954,144321
2512,6206,143698
6168,12582,143683
1649,16879,143669
5884,7617,141443
6534,8644,141074
7298,14691,140764
6264,14454,140565
2670,1145,140155
2418,3624,139429
7563,11677,139159
5069,16384,138194
1751,2372,137171
867,17355,136920
2063,3427,136851
7402,12155,136462
6864,2782,135602
2481,12918,135450
7183,3106,135432
1038,13651,135014
3821,1220,134242
1189,10947,133458
1632,9756,132359
7389,6134,132238
3394,14410,132143
914,17157,131176
7674,4656,130783
4190,2862,128447
2286,5862,127319
4786,6971,126817
4492,11149,125879
6972,6692,125480
4126,17088,124159
7363,5401,122796
6758,4640,122159
6289,4123,121770
1752,12161,121762
5700,5926,121670
6125,1307,121208
7239,8904,120698
6869,16668,119813
3008,14149,119654
6713,13462,118885
5469,8387,118881
5934,30,118414
4093,10042,118213
346,16882,117315
661,3282,117271
274,11337,116768
3895,457,116763
251,6844,116717
2968,3151,116363
1357,14103,115991
6143,10550,115586
2082,1542,114998
4079,4745,114328
522,15755,114044
16,14312,113839
3915,13359,113718
4481,1428,113675
4896,1798,113378
3782,5085,113085
6248,10168,111947
1260,11443,111412
2656,14574,110439
2048,17308,110364
265,1865,110160
1037,10358,109918
3825,17324,109611
3660,1180,108772
2875,886,108607
191,9960,108529
6342,12966,108355
5282,6974,108344
5706,2913,107444
6660,11077,107346
1375,10359,107112
6494,11314,107095
583,7635,107084
4272,12293,106328
3595,4577,106292
1856,16139,106286
38,17627,106239
790,15393,106212
4431,4356,106021
2781,11182,105862
4028,2122,105698
6172,16082,105519
7103,14644,105046
2846,12299,104801
4903,3825,104633
1308,758,104363
7553,17560,104032
2867,5054,103653
3304,11781,103432
2360,11022,103106
3727,11812,102862
3162,4951,102755
5795,15062,102577
2375,16765,102032
100,11040,101780
6037,6859,101501
7416,2391,101189
4620,12870,101142
573,4472,101119
5295,12732,100557
7272,9617,100341
7160,6042,100299
1881,607,100249
363,6475,100113
4081,10730,99911
2456,313,99813
4550,15887,99687
4694,13763,99461
7639,12785,99305
6649,15563,99010
888,14660,98766
6638,191,98721
6008,1110,98701
7541,1470,98697
1322,7745,98117
5839,15788,98003
745,3917,97940
5575,4972,97492
4232,14999,97166
3048,5939,97113
5078,6196,96779
668,5181,96603
3946,6797,95473
7503,14928,95336
4594,15844,95096
2125,12338,94042
3188,7281,93392
3222,3756,93242
339,16128,93203
7126,10378,92556
1636,15394,92295
2016,8764,91370
7330,12343,90676
6473,4043,90592
465,17154,90473
1895,175,90451
5712,4345,90388
4281,13614,90321
1941,10170,90246
4400,483,90011
811,985,90000
729,11490,89912
5448,9728,89893
6073,2342,89866
5475,8393,89800
6566,16452,89785
1540,3333,89715
3855,5293,89349
1149,5345,89081
6800,13102,88734
133,7193,88688
67,6931,88311
6895,14725,88184
5367,14382,88121
2021,7331,87940
6926,13923,87659
3581,2112,87623
4005,2095,87390
141,2612,87140
7313,8327,87057
5074,6829,86620
3233,15646,85717
4360,10123,85670
1614,4266,85051
6279,17149,84795
2419,14358,84652
899,6099,84591
4542,2874,83850
3905,3638,83681
4322,13402,83565
1148,15156,83438
1050,6274,83250
4133,8181,82907
4848,8743,82850
83,16707,82445
5557,14590,82375
6136,12435,81931
6906,16640,81882
558,10375,81597
1607,15425,81317
1810,798,81279
7571,197,81261
285,7233,81220
7671,12034,81128
1187,10774,81101
434,10820,80942
1274,5807,80837
1158,16339,80350
6104,6497,80346
5374,15922,80208
6793,2580,80137
2374,9645,79919
3789,13195,79890
2724,1144,79846
2725,16438,79742
1312,6329,79631
4068,12494,79558
6878,5614,79326
6391,9188,79063
940,2200,78981
2904,13391,78945
5261,1202,78879
3270,9051,78796
4066,4590,78720
3698,5318,78585
3916,12047,78305
2371,3368,78214
6301,6720,77598
7217,357,77315
4020,6350,77022
2696,299,76945
3625,7240,76706
6260,5571,76699
1043,14670,76602
5833,14482,76476
5443,5112,75825
4159,5472,75802
4427,10451,75243
3934,3610,75149
4931,9111,74780
184,5814,74467
5435,1406,74077
2751,7509,73853
869,3320,73796
5125,7511,73646
2983,12074,73354
6934,1102,73338
2503,17479,73267
6317,7364,73030
3881,1744,73005
2178,9254,72885
3351,17441,72544
4208,708,72382
1893,6510,72380
856,16922,71952
4708,9049,71640
5553,10906,71556
5717,17339,70960
3700,14215,70713
6148,14050,70468
4604,10928,70453
4867,15048,70371
3565,11152,70342
4528,14780,70270
7625,14109,70177
1791,14909,69666
4841,6030,69250
5635,7937,69057
4941,5924,68819
1000,7397,68616
4832,17129,68420
5690,15472,67968
4829,15058,67861
2793,7904,67796
1181,12605,67312
7141,16286,67178
4653,16343,66578
4437,9882,66396
3425,329,66267
278,15151,65949
5620,15116,65885
5972,2800,65701
3102,5695,65631
2944,312,65478
2001,1754,65364
6896,5628,65318
1468,5226,65186
6533,17764,64958
483,10607,64918
1557,14667,64743
1414,11279,64591
2607,6428,64556
5440,11173,64282
490,9426,64176
1861,14869,64162
7302,9818,64066
5067,16390,63732
329,5154,63667
6888,10225,63220
6841,4330,63043
810,7032,62964
5085,11398,62907
816,3254,62629
6634,9189,62605
1204,8846,62548
1718,3905,62458
6240,7399,62297
3671,8832,61759
4416,6555,61696
2688,13582,61695
7074,13705,61576
6722,10625,61448
2163,6615,61275
4236,13748,61250
7491,2186,61175
7622,5762,61094
3997,16792,61088
4482,6347,61060
2228,13580,61040
4764,1561,61020
7687,13302,60890
641,13052,60862
7604,2743,60788
5407,16740,60613
1319,9768,60545
6134,3538,60472
6034,10785,60426
2227,6833,59969
6321,1073,59519
1467,17622,59297
4119,1615,59138
6424,17215,59079
3161,13593,59048
1404,10832,58838
499,4670,58625
7155,15758,58577
1534,7155,58568
6181,17405,58564
772,4705,58537
201,788,58528
978,1719,58365
2868,13636,58273
2088,3433,58150
4293,12244,58060
1437,6739,57942
62,4698,57767
5193,11165,57446
3103,14940,57429
125,9800,57376
233,8840,57034
2677,1810,56919
4268,16793,56894
4796,482,56505
602,5787,56452
887,4315,56214
5964,6482,56161
7104,5991,56148
7297,5788,56103
115,9828,56005
1820,6464,55965
2998,1975,55741
7058,12355,55611
410,4302,55606
3999,14185,55445
1346,17387,55444
2435,6760,55429
7041,16872,55323
35,4883,54975
1516,3864,54923
7542,11663,54846
2330,12305,54795
2649,2470,54618
7125,5775,54445
2771,2465,54194
5486,11198,54145
180,7971,54125
3835,17330,53938
2853,16969,53893
715,9591,53800
2483,8954,53787
1808,13082,53760
102,17431,53366
1349,14856,53164
7167,5239,53164
7202,13471,52958
150,5169,52940
616,5793,52849
4990,4227,52389
3322,14606,52176
2110,16604,52161
1992,11209,52126
6563,4056,52026
1613,2617,51949
4812,15702,51916
2812,8376,51872
5065,12690,51737
3679,3782,51623
807,11888,51612
2107,10275,51484
981,4661,51393
4782,15919,51345
7245,13673,51307
3863,9442,51263
6946,14527,51229
3445,6994,51092
1523,7627,51049
5513,6631,50983
5715,6552,50976
394,15233,50871
2393,13392,50851
3197,8159,50666
2567,6366,50639
6536,11315,50412
2618,2699,50354
2682,10921,50322
6627,14047,50245
6714,2209,50203
6000,3713,49970
1403,4847,49637
3941,12090,49566
1215,7590,49457
2870,13622,49420
7439,6860,49117
1179,14274,49039
5918,16901,49010
6026,15818,48941
366,4262,48878
3120,9939,48776
1427,406,48618
2450,16565,48578
2896,12500,48420
2412,7330,48261
6246,1703,48191
6787,4683,48150
874,14890,48113
6975,1843,48005
5019,10078,47905
1066,2953,47812
5658,8379,47640
4583,15105,47602
2855,9685,47505
3897,331,47168
3313,17482,47153
2281,14953,47081
3092,17508,47079
6047,13298,47078
4739,16948,47056
642,15345,47049
6807,3463,46979
3206,16415,46698
3220,5327,46674
5114,14545,46585
344,6449,46534
5151,12493,46510
4109,14218,46240
2827,4216,46151
7432,14280,45964
4868,13439,45884
2744,7521,45844
3111,7928,45683
4845,4141,45637
680,7219,45457
5327,13412,45167
2601,2128,45070
6696,15952,45040
5495,7513,44942
6685,17189,44917
7123,10436,44886
4661,16357,44881
6060,5363,44762
6208,13887,44483
5744,14618,44435
4352,12052,44385
1907,2992,44296
7374,16469,44240
5361,6989,44184
5490,14209,44179
4843,16223,44172
3824,658,44002
2005,8016,43980
172,8317,43749
270,11323,43745
356,15409,43711
4364,5538,43631
1769,17031,43472
5821,17174,43455
1660,13524,43428
2516,3418,43422
1583,7828,43355
7326,6450,43326
5599,241,43123
2032,15084,43112
1891,16703,43105
3652,17709,42943
3534,1590,42934
6974,14296,42886
1303,7779,42876
6046,2395,42844
2501,12501,42744
7213,3138,42728
806,8467,42634
432,3684,42541
4625,16380,42496
4210,7067,42458
1287,7786,42308
3673,3966,42224
2162,16406,42117
6185,1267,42114
7209,5561,42101
7000,1659,42047
5325,15063,41969
4837,4633,41851
1533,10429,41781
1709,4931,41680
2106,9863,41665
2519,5069,41596
1825,10212,41545
7321,8333,41486
5889,2009,41438
2438,14364,41402
6879,1466,41356
2071,11745,41347
5348,12056,41167
3589,12473,41062
3799,4402,41029
4919,1571,40842
268,13534,40777
6521,3936,40768
515,1046,40745
2323,16605,40725
5916,8295,40705
732,16499,40462
4942,12280,40412
4240,15339,40365
4357,16552,40296
7609,9170,40252
758,3730,40192
2297,8413,39984
5342,334,39876
6605,8334,39765
7427,12828,39689
1799,15381,39428
495,13318,39216
963,17621,39003
1705,7586,38779
3583,705,38681
1715,8851,38629
2253,12675,38616
7523,6445,38614
6049,13273,38519
4598,3798,38515
203,16465,38403
4793,12092,38393
7097,16912,38387
7112,143,38363
6029,4914,38290
3842,9481,38280
1508,12799,38226
7521,11139,38199
4373,16236,38138
4221,17506,38116
73,2000,38057
4520,12497,37922
6810,10379,37897
2489,13384,37885
6952,10027,37881
2191,12890,37826
7108,10344,37820
3113,16825,37794
1128,17580,37409
809,8301,37368
1236,6117,37362
6913,963,37311
3929,8989,37268
6789,2594,37067
577,12238,37016
6804,11701,36992
6785,6902,36856
1280,11696,36825
2779,13959,36791
263,9593,36776
7064,5601,36601
6219,5997,36527
2709,8809,36520
3914,443,36516
2257,6166,36491
4120,15853,36485
72,16075,36343
4839,3148,36264
7219,9415,36239
1450,9378,36238
5415,6235,36055
2220,2499,36031
2784,13795,36022
6483,8651,35956
4328,15715,35874
5024,13217,35853
4408,4829,35847
7207,8045,35751
5665,13981,35748
5527,7249,35695
5917,2960,35687
475,16262,35663
2189,5320,35644
7447,6874,35539
5129,1174,35538
606,199,35510
4260,8585,35506
2826,3579,35458
5285,4805,35417
1795,11859,35368
3857,4833,35350
2537,5055,35336
2065,5056,35184
5130,9528,35110
3982,4369,35096
4132,4977,35089
6436,1305,35027
19,6716,34998
5519,2457,34899
2429,16201,34847
2,6702,34811
1360,15209,34798
3834,11999,34619
3845,15902,34485
2540,16997,34421
1378,11047,34305
5390,11013,34206
4448,16008,34200
1667,5434,34080
7545,13074,34014
2930,17134,33921
6531,5360,33907
2462,12071,33901
6333,15953,33824
7453,550,33798
3278,12471,33792
4710,16169,33758
2396,17692,33753
636,4506,33732
3416,4159,33724
4205,16181,33659
6199,8531,33600
4928,7882,33519
5612,5477,33402
4243,10241,33383
6274,4135,33355
1461,14459,33305
6986,4906,33228
1070,4488,33176
4276,11771,33098
4326,11573,33057
3001,15531,32982
1505,13493,32972
5601,9265,32961
6656,3315,32867
7569,1289,32833
5702,692,32829
2122,17526,32782
4127,1832,32770
90,15540,32697
778,8881,32686
5035,17703,32677
4904,16596,32667
812,15436,32660
312,12399,32645
2051,16016,32547
7172,10152,32534
1722,15815,32509
1847,15342,32490
1952,6060,32480
6815,12546,32384
267,5430,32367
1964,7356,32362
2223,4956,32345
5828,11277,32310
2046,14601,32246
6794,5589,32219
7485,17762,32111
52,3875,32098
6340,13488,32046
7085,13856,32032
2643,273,32028
190,16698,31936
7505,2192,31934
683,12172,31926
5215,13809,31860
1054,14664,31854
1562,9144,31744
4011,872,31692
4564,14233,31672
3083,7055,31611
5754,8966,31594
308,789,31538
6261,6050,31535
1768,10986,31463
6440,5836,31433
5270,3824,31414
2488,3197,31409
331,15421,31390
6509,4080,31373
2808,14039,31148
71,6266,31133
5710,2734,31059
1574,14698,31005
832,12365,30974
2839,4389,30959
7100,6240,30832
1898,15578,30807
5501,15671,30800
3144,14203,30594
3021,896,30594
4945,4384,30581
2967,13342,30547
6040,12838,30436
5942,11673,30418
5375,3198,30336
4056,17513,30278
4878,2252,30246
6748,13466,30196
4160,3017,30114
3884,15057,30071
1396,8099,30047
2475,3626,29944
998,413,29910
5400,6221,29905
6006,6119,29821
5308,3165,29763
1286,5191,29722
7670,15997,29621
7478,17004,29560
3798,4364,29538
420,2001,29489
615,7184,29451
6230,8928,29393
2350,17321,29373
1110,8339,29357
783,2360,29226
1345,11090,29172
374,17381,29115
322,14918,29105
3733,17293,29047
4537,2690,28956
5086,295,28955
1325,13056,28951
1477,12014,28930
7118,12221,28896
156,3256,28858
1190,3085,28802
4634,15110,28770
6045,12186,28760
2525,5727,28680
22,5237,28641
232,12818,28578
7615,13128,28573
2400,3817,28558
58,10835,28545
4085,8619,28512
2742,528,28455
1192,4932,28449
3869,14407,28412
7336,11886,28396
5189,15465,28390
6343,4862,28371
7224,2554,28347
5150,13955,28301
4630,12694,28261
2797,14978,28240
5570,2495,28080
3976,4341,28077
586,8512,27978
5107,15129,27917
3126,9508,27896
210,16303,27773
5225,6223,27761
4029,11638,27693
6226,1918,27668
2778,15496,27662
2454,15078,27649
152,14702,27480
6719,1700,27450
417,2015,27446
3850,5287,27399
6061,13501,27363
5041,257,27358
2197,10739,27309
7001,16325,27260
5061,9298,27257
1933,7381,27169
1701,15182,27166
4266,13827,27150
6367,3466,27141
5545,2443,27141
1549,12570,27102
4361,330,27039
1889,10372,27011
2479,11544,27011
7661,3893,26962
3108,11186,26946
3518,12513,26928
892,2016,26927
6918,17589,26900
3429,13433,26775
5921,13058,26742
4256,720,26719
6903,10231,26663
2295,5137,26632
7536,6337,26621
1756,13519,26603
7304,13840,26600
6616,7991,26587
3684,12843,26554
6529,17002,26543
765,11446,26533
7539,4520,26501
6836,9614,26488
5115,5448,26474
7136,6268,26458
3756,2675,26445
3540,6599,26238
6438,3274,26225
3502,15532,26209
1244,14507,26203
6228,6911,26188
3080,16158,26168
4395,3161,26155
5603,10734,26117
337,11647,26094
390,17424,26062
734,1682,25962
944,9433,25906
3182,8818,25874
3768,14759,25858
4255,14755,25816
4810,15064,25808
4688,11612,25798
1489,14317,25728
1710,1861,25713
5167,16150,25677
1679,6673,25636
2474,4149,25582
4042,13007,25569
6392,11658,25536
749,4739,25466
7506,10596,25404
6553,6133,25386
5573,6195,25353
4004,10491,25344
3527,17319,25299
4346,442,25293
7278,14646,25266
2497,7483,25248
4161,4778,25248
1426,4660,25233
7052,10230,25185
1097,11132,25185
568,9156,25182
6788,15956,25155
6983,6687,25116
4914,5071,25112
2836,851,25101
4643,15662,25038
4452,14192,25012
164,11134,25000
6266,6736,24894
3958,13629,24890
4695,1367,24881
6252,4109,24853
954,14476,24841
2437,311,24836
2446,10114,24832
5924,15429,24806
4996,7048,24778
1870,14855,24737
3626,17053,24736
4261,16977,24716
7610,6243,24660
6870,1314,24606
5289,5528,24509
2511,14602,24507
4450,12508,24478
289,17008,24429
2785,6398,24421
2861,7643,24411
7086,3489,24408
3399,10886,24394
1853,17541,24390
4855,15712,24390
4558,252,24388
6688,14480,24226
1517,6908,24191
7533,746,24128
2663,13555,24003
2592,15440,23998
2443,16203,23979
7157,10620,23974
6189,4479,23885
4488,15449,23878
437,9381,23773
402,7145,23765
1954,12015,23731
4637,13207,23729
1544,11051,23720
946,10162,23712
3731,937,23692
5673,13771,23621
4166,7517,23615
3456,473,23603
6823,6255,23567
4454,6596,23486
3066,5656,23343
2076,3355,23330
7613,10421,23299
4254,4546,23271
2073,5730,23258
3271,6362,23191
7351,9788,23175
5317,3617,23175
2414,10894,23166
7092,5946,23164
7234,8086,23131
6092,9940,23085
5869,9160,23063
3013,5050,22980
3503,3350,22915
3249,11805,22910
1186,7208,22907
6414,9003,22891
1081,3522,22852
3251,2851,22820
4245,6437,22804
3764,8370,22800
1157,1645,22794
409,12560,22752
6077,6642,22748
5351,10899,22720
6450,13098,22689
7400,12633,22660
3645,4761,22626
24,11242,22565
7011,8669,22530
6898,2153,22448
5473,2866,22416
769,13251,22370
6969,12195,22360
3065,2139,22333
3045,10461,22295
6233,4874,22227
3017,16992,22212
4592,3015,22199
1520,148,22195
4347,10889,22174
4439,17302,22171
385,13865,22130
5224,9110,22120
6568,1890,22099
1306,9032,22092
3793,16760,22088
3567,17537,22068
6723,6721,22035
6222,9613,22010
2952,10673,22002
5936,7987,21941
2672,7534,21929
650,10229,21927
6139,11882,21894
1677,16306,21892
2342,14827,21874
4247,10255,21868
6109,15366,21866
3875,5522,21862
1208,15816,21845
6418,13073,21839
3668,8826,21788
7460,14531,21751
4144,8803,21740
3944,15099,21684
198,15385,21679
181,2809,21636
6654,7173,21627
5026,11400,21592
754,17023,21586
3284,15450,21568
4103,15674,21538
5614,269,21468
704,10981,21426
6218,14642,21377
3785,1585,21360
4788,12904,21347
6368,13675,21342
5359,14355,21321
1116,9741,21305
4383,9458,21293
7038,962,21285
723,4089,21258
7515,8483,21228
7372,13511,21200
5875,16068,21064
1875,16930,21060
7403,3058,21002
7229,4870,21000
743,15813,20973
2572,14776,20911
5946,15373,20873
2916,6978,20847
628,4260,20846
2405,11234,20837
6997,3728,20836
7168,3890,20808
2052,660,20802
5978,1138,20759
808,17221,20752
2502,6574,20752
5143,17299,20743
5526,4740,20723
2829,4570,20704
6514,9598,20695
751,2348,20681
4510,11613,20656
6744,3113,20650
242,2389,20630
1243,2371,20597
7627,7613,20570
4633,11376,20544
1015,1902,20488
4803,14391,20485
6272,353,20461
1023,15234,20446
2775,17281,20410
4785,8784,20410
5180,11171,20408
7312,17207,20373
4602,11388,20354
1588,11904,20338
6472,14250,20330
345,7757,20309
262,3900,20282
6288,3894,20252
3704,12102,20223
785,9235,20215
6938,3715,20209
5637,14963,20192
2176,516,20182
451,16538,20170
4697,7716,20162
5604,15894,20161
424,4841,20145
1818,9757,20128
6095,13930,20120
5745,3364,20096
1703,5391,20080
34,5545,20078
3238,8171,20066
6739,14457,20060
2328,9043,20059
5906,187,20050
939,1709,20037
6093,9798,20020
7253,7160,20014
4729,5897,20012
7084,2783,20011
6081,9565,19982
2404,1027,19961
7244,15955,19879
7238,3689,19868
6303,3670,19800
6802,7163,19780
3496,11032,19761
1739,2400,19755
5668,11166,19751
3966,10446,19690
2900,9120,19670
5597,2456,19621
5181,7713,19600
438,10808,19587
7574,2780,19580
381,831,19564
48,10809,19558
1535,17346,19531
1976,13451,19491
2970,14439,19466
3324,9125,19460
4502,9048,19432
1863,11911,19431
4275,5704,19422
5109,1148,19402
2105,7696,19395
7455,4736,19378
6263,3128,19364
4920,12243,19360
5708,862,19352
2238,8177,19336
6307,6708,19304
4907,3414,19275
3973,6556,19262
4025,5895,19247
4436,118,19241
1042,2012,19238
6538,7563,19159
1673,12160,19158
1981,14403,19149
748,15807,19144
202,8883,19132
649,7755,19105
3739,13787,19092
6493,1661,19086
1974,8717,19074
4024,2136,19062
6854,10392,19052
6671,12224,19047
5241,108,19019
1763,7544,19002
4143,6190,18993
703,9208,18970
2198,11427,18963
6411,14734,18906
2466,5243,18906
4198,10282,18883
6820,17358,18802
6637,7826,18778
3723,10729,18772
5992,10747,18754
5140,83,18725
6183,8525,18709
3223,8603,18707
7121,16047,18686
4264,7852,18614
2299,17533,18598
7544,3267,18570
3927,17671,18567
3027,1578,18543
3945,8976,18526
6929,13512,18481
7352,9950,18477
1809,940,18465
2660,1637,18447
1435,2577,18446
4486,5882,18441
3578,17251,18434
7481,3071,18411
6155,10236,18395
7063,989,18299
4806,8753,18287
6387,14873,18276
3826,8204,18259
2431,14402,18240
2240,17057,18200
5626,11199,18190
2590,3222,18183
3287,1425,18127
4707,8357,18110
6745,5562,18041
2761,9242,17987
1174,6670,17974
5830,3840,17960
3811,5708,17923
3303,16788,17922
1421,14467,17898
5124,17064,17870
5927,17558,17869
3420,7336,17817
3876,3153,17786
6876,3265,17780
7617,11717,17761
7527,12430,17758
6824,14889,17713
3407,1035,17697
4876,1983,17692
5179,5104,17662
543,17195,17645
3348,3434,17468
3805,9132,17467
1504,3680,17453
2268,12661,17448
7259,3312,17433
2803,58,17406
4535,2848,17402
2603,5121,17336
678,6661,17307
725,13293,17289
4483,9074,17258
7287,13883,17255
5580,12862,17233
3064,15445,17206
7205,6068,17161
3651,11378,17124
1904,7632,17113
2101,1595,17112
3873,9330,17108
1961,5227,17105
6615,16644,17046
177,11875,17045
1761,8677,17035
3381,4171,16891
5328,8754,16891
4410,4801,16873
1083,16891,16840
3788,14822,16830
2811,11141,16824
2589,3544,16815
6118,5607,16812
6374,7600,16796
207,2376,16772
1416,16516,16763
3230,3742,16724
5802,10627,16712
5863,14131,16703
3917,2254,16695
5899,14858,16692
2327,10274,16686
6931,15163,16665
3543,5084,16636
618,2163,16636
4770,14144,16629
5265,13389,16614
7178,7406,16607
5408,7895,16557
1996,13378,16554
395,5020,16475
7353,4284,16471
5365,10872,16464
5567,15843,16439
4741,16784,16420
897,9625,16393
1090,5621,16377
4541,14970,16364
6724,10143,16338
5002,8384,16331
7255,11702,16301
6019,3920,16294
7630,7607,16224
3025,3347,16200
1273,11325,16199
3887,5250,16178
5827,9438,16173
2796,5875,16132
273,7555,16114
4597,10082,16098
6814,2755,16094
14,12763,16026
186,1482,15993
1917,3326,15967
1635,5187,15951
1039,5033,15942
4386,2519,15916
2541,7642,15912
2581,10276,15893
5920,14737,15886
5133,13216,15877
4684,5854,15873
1527,15545,15860
5231,4420,15836
6982,8872,15807
386,819,15787
6430,4269,15770
1664,7545,15740
584,17426,15715
7561,16118,15706
682,9234,15705
3530,2072,15703
1949,17179,15672
6184,6508,15650
6359,17361,15642
1331,5967,15638
4388,17672,15532
311,13087,15525
2179,2329,15433
2993,4831,15412
4599,3954,15404
76,3478,15393
4875,8019,15382
5720,14624,15382
4935,2905,15361
2630,9900,15247
1947,2212,15235
1079,11907,15219
3122,14968,15217
2652,501,15180
1796,3285,15175
1231,10013,15175
2671,11356,15169
1454,15037,15132
4442,4418,15120
4033,10240,15118
4288,6219,15090
5395,11775,15082
3373,10662,15071
1926,13486,15058
1848,5151,14996
5803,4652,14967
7663,8078,14942
4751,5075,14905
2975,11227,14905
4676,4586,14889
3923,15700,14889
1987,16572,14884
4965,7706,14875
1362,10371,14871
7404,551,14823
3061,9681,14817
4718,6352,14750
4013,8584,14718
5677,12309,14706
3932,11214,14681
1290,2173,14676
2823,16606,14675
817,15422,14673
5701,686,14670
6332,4686,14662
2638,8149,14652
4693,3216,14627
4043,5665,14621
2188,13542,14620
3588,14016,14616
6834,16052,14589
4926,11038,14555
6979,6693,14534
4690,15474,14530
7258,13115,14524
1572,1295,14501
1339,11084,14417
3904,4157,14402
118,818,14385
7548,17574,14344
5247,8232,14325
6217,10424,14308
326,9785,14289
6657,8526,14281
6205,14118,14258
4212,1370,14253
2838,2920,14241
5144,5845,14226
2804,3551,14208
4938,11789,14201
6554,1884,14158
1341,189,14138
7665,424,14121
5832,4849,14108
4900,12096,14094
6987,4912,14079
3441,15730,14046
4716,723,14039
1040,9621,14034
4601,285,14009
7376,8131,14006
2066,7899,13967
3300,7875,13925
4148,12668,13917
1117,5190,13897
7624,5004,13894
6796,6080,13882
480,4100,13875
7496,16859,13829
7690,7363,13813
4798,13398,13798
603,14852,13791
890,615,13789
4468,9841,13755
7230,3879,13750
2704,10920,13747
127,2955,13746
4885,14342,13746
5854,636,13720
6645,17412,13710
4307,9116,13706
2905,3182,13684
6985,8682,13675
1546,7633,13660
492,6073,13654
6954,14241,13642
4229,11639,13612
3592,77,13599
6293,15748,13542
3018,7647,13540
6675,10433,13526
3864,6771,13516
6963,9204,13502
5529,16344,13495
4379,17100,13491
1927,12940,13483
1865,13860,13479
4283,17472,13472
140,2174,13431
4949,7841,13430
3091,8428,13399
1424,12002,13361
5767,6988,13358
4890,6961,13353
4823,3612,13353
2658,6158,13331
3130,1632,13290
910,17180,13280
5810,7401,13267
3275,8429,13267
1328,994,13254
6873,15361,13216
894,14112,13214
109,11732,13207
561,2771,13206
6971,16495,13177
1462,12028,13173
4420,10337,13155
6526,12191,13153
4804,8960,13152
1447,17152,13140
1620,7009,13126
1193,15181,13079
948,10176,13074
3259,1394,13047
1629,10561,13044
6461,2340,13001
7310,11110,12990
767,8117,12983
3538,16952,12979
1103,4271,12951
6865,12591,12940
1057,9635,12940
7601,2757,12927
3851,17697,12919
2291,5651,12919
7039,2813,12908
3059,9859,12902
3957,4355,12883
2420,5255,12878
1975,7424,12833
4595,4949,12822
2428,305,12821
2903,12931,12819
4765,17303,12808
255,6850,12775
6570,7239,12774
5460,7739,12751
1440,348,12740
2156,9240,12718
6188,8243,12716
3345,15530,12712
5018,1175,12684
7010,2422,12668
4098,4751,12668
6741,8046,12649
1150,12639,12605
3453,11218,12595
662,13091,12569
1960,15034,12566
4532,16183,12559
2242,8163,12554
6505,7589,12528
7290,2965,12503
7457,14525,12490
2948,4612,12454
3608,17292,12443
2973,6983,12443
5014,13798,12431
5280,6960,12427
1224,1693,12426
2219,3787,12425
1774,12149,12411
5659,17259,12407
1726,5390,12364
813,5625,12299
5871,15549,12289
7429,1854,12287
1307,2167,12262
5288,12054,12237
3228,5333,12228
494,14477,12221
4378,8020,12218
4487,2135,12211
6354,14898,12208
880,8507,12188
5433,15473,12186
5794,13413,12139
1234,9542,12137
2264,2314,12114
4933,14815,12079
2833,1408,11995
3746,4210,11956
6128,17565,11953
6,8049,11946
5760,12902,11932
135,763,11918
5237,16742,11918
6287,12741,11910
4382,10109,11900
6690,393,11894
6730,6735,11877
3124,12896,11869
1603,996,11859
5837,10828,11859
746,3903,11854
1937,1096,11848
5976,5809,11836
866,629,11817
824,3526,11811
2310,11630,11807
1380,7631,11797
2685,8808,11787
1465,10159,11780
6337,17188,11739
2956,5518,11717
2653,10712,11703
7279,10420,11694
5169,6343,11668
6813,14137,11666
5485,7922,11651
1589,11910,11644
427,1939,11635
1359,2775,11621
4312,12913,11612
2069,7127,11600
5915,811,11549
4882,16233,11531
814,12359,11527
4291,5710,11516
7634,5010,11504
3174,15875,11496
3392,6014,11492
7286,14134,11478
5071,14593,11465
4912,11004,11463
2734,15657,11462
7470,11307,11461
2425,16567,11456
509,12774,11449
2909,10854,11437
2901,662,11410
3784,843,11402
1748,11468,11381
94,8277,11346
4691,5667,11323
3203,2460,11298
5313,10119,11277
5397,11985,11273
635,3269,11263
505,416,11257
3435,17133,11243
6075,15158,11237
5897,5955,11222
7206,1707,11219
5244,11005,11206
5003,900,11178
1717,15800,11177
351,7019,11176
9,10612,11170
319,16869,11132
4071,8382,11096
4455,859,11077
108,17343,11068
6356,10426,11035
6668,6523,11027
5773,10126,11022
5335,5516,11010
2718,3960,11006
1561,1518,10989
552,3309,10970
2723,9518,10935
613,11080,10933
40,11256,10928
2416,7324,10904
1510,17187,10892
4734,8586,10881
7138,3310,10881
6358,13107,10865
4434,13602,10851
3537,17494,10851
771,563,10847
6145,12347,10846
2788,919,10835
1676,564,10826
3200,12667,10820
5836,1925,10804
4562,10055,10796
104,12549,10794
6506,6697,10792
4,12011,10779
934,4881,10773
2627,11829,10758
1191,12188,10750
1913,11722,10741
5949,18,10723
4549,4752,10691
2287,9080,10687
1779,8105,10685
2931,8014,10675
1668,15627,10673
448,12986,10672
6159,11909,10668
6484,9229,10664
1814,6302,10626
1925,12798,10618
380,17395,10613
838,9037,10613
5278,1969,10607
3653,275,10604
5645,2640,10586
2860,7125,10553
6344,4876,10553
1712,6868,10546
7077,9991,10521
6939,15177,10516
2370,17335,10511
81,6500,10510
3769,3225,10502
4629,4790,10489
7165,4127,10488
926,11254,10476
698,3725,10471
5155,9702,10446
2265,9241,10442
7621,13100,10440
7068,8325,10438
4590,15677,10390
5138,13941,10386
6639,5957,10378
4757,8545,10372
3442,5245,10356
3437,10890,10326
1020,9392,10326
3674,8827,10326
5368,3826,10298
5268,1955,10288
6052,11464,10257
6784,4867,10254
7573,12593,10252
6516,6872,10246
1201,15803,10244
1022,4339,10227
7469,9548,10202
3472,1792,10158
2798,15455,10152
7051,16641,10140
3591,7718,10105
1261,7221,10091
4775,7892,10065
2708,15858,10060
6897,14731,10049
2096,17491,10047
2127,5650,10044
7158,433,10044
710,13244,10035
6996,14254,10030
6088,9954,10014
1524,3441,9996
1235,9224,9983
2379,12517,9959
1418,8728,9938
6255,11262,9923
5808,10155,9916
2619,11183,9910
7381,5415,9898
430,12945,9895
5500,5462,9882
2207,17081,9863
2455,13409,9857
5840,4685,9838
3691,4012,9828
3417,2528,9827
2530,11752,9818
5736,13605,9809
1335,14842,9806
6113,8337,9789
4145,10094,9780
6242,15945,9776
5075,4781,9773
4809,5277,9748
1217,599,9747
7444,10970,9746
2831,10505,9739
6647,5016,9733
341,2149,9726
7508,11850,9714
3818,9654,9707
1932,7395,9700
225,14528,9696
1367,14671,9696
4801,3835,9692
5618,1163,9662
553,10413,9658
7685,5560,9656
6883,15375,9654
6652,1502,9651
4065,5856,9649
1990,6775,9642
5516,10053,9633
3151,16366,9611
5031,13565,9603
1731,15829,9583
2556,14825,9572
4134,12867,9565
3918,16209,9548
1688,6667,9547
4044,7072,9546
3837,7645,9545
7493,6486,9536
1369,1532,9522
7296,4496,9520
7502,14096,9518
6890,9774,9514
1610,1336,9495
3506,11754,9495
7132,15200,9492
4348,16220,9488
2791,7910,9486
5048,2332,9467
6998,4721,9452
4929,8569,9447
216,12171,9445
559,166,9436
353,2161,9436
3293,3226,9433
132,11929,9418
7435,15820,9414
2246,15132,9410
4644,2478,9408
2389,12926,9400
3319,9131,9396
7189,9359,9393
5848,6910,9392
6475,8679,9392
6017,2380,9373
5844,385,9369
1168,6664,9357
6176,4492,9354
1295,9740,9344
6928,2379,9331
634,760,9313
675,14265,9312
5104,8178,9309
6156,17559,9290
1658,1646,9280
1998,9320,9272
3574,3224,9270
1957,12773,9269
4561,6637,9243
2381,14166,9240
1570,16931,9233
6832,10423,9226
1868,5970,9211
6666,152,9163
895,167,9152
7570,7820,9150
2940,13420,9142
6596,3513,9125
7419,6849,9120
6917,7942,9119
2166,16412,9117
5196,13772,9115
4568,15893,9113
6499,3923,9104
5937,6327,9096
7073,17563,9089
6725,14325,9082
4010,9856,9080
1525,15223,9077
6602,12378,9067
2918,1971,9064
6664,13648,9063
7657,13458,9051
2533,3342,9046
5432,13002,9043
220,8101,9039
3623,16359,9037
1010,4852,9023
4235,14027,9023
4351,6027,9016
4551,14541,9000
539,13481,8999
5084,2482,8981
653,11651,8970
3285,3232,8964
1826,14074,8962
2787,5861,8951
7053,7980,8938
4343,2533,8932
3213,12115,8926
6373,11062,8926
6900,11891,8913
3751,10503,8910
6231,12970,8907
1337,7180,8903
1749,16307,8890
6847,14862,8882
1200,11495,8872
1900,6262,8871
7107,4331,8869
7487,11313,8866
5909,13845,8860
1205,1862,8856
6153,6454,8851
56,7391,8849
4651,9505,8845
7211,10622,8844
2852,7864,8828
3852,6942,8822
2348,1543,8818
5228,6237,8807
2049,9136,8806
982,14472,8802
4742,4380,8798
425,5587,8797
382,2940,8792
1046,8259,8779
136,14716,8769
3460,12077,8749
2204,8837,8749
6922,11846,8743
6935,8898,8742
1663,17756,8736
4525,11820,8725
2089,5042,8722
2646,14212,8717
6492,8123,8711
193,16840,8697
2835,689,8695
5846,9389,8688
5718,645,8686
5462,16634,8686
1242,14513,8684
5997,1104,8663
3713,12894,8662
2234,4995,8655
7204,17603,8652
3385,14376,8639
3553,5906,8635
2876,7131,8622
3809,3379,8612
2463,1743,8589
1784,3736,8583
5667,9729,8579
4705,7064,8565
2217,13594,8564
1011,15787,8560
6345,621,8553
361,9746,8552
1433,10173,8542
5664,4225,8542
3891,4628,8520
4475,10243,8518
2187,17724,8517
5939,14723,8506
2205,8189,8475
4238,13990,8470
2669,16439,8458
1154,10748,8456
4401,10848,8443
1104,4517,8441
5695,11172,8440
4101,7270,8422
2703,17097,8409
1773,5435,8384
614,833,8379
6673,2037,8359
454,7435,8343
7166,14334,8320
7490,11844,8319
7597,7149,8315
7102,631,8300
2675,13227,8293
6133,10222,8290
1459,7343,8259
4191,2876,8253
4425,15529,8253
6350,9611,8245
5502,3013,8240
6718,7371,8239
6338,6085,8235
4826,9459,8217
7270,6524,8204
2129,15443,8202
6111,7762,8199
5477,5847,8196
7620,8246,8186
6712,378,8186
4518,3571,8183
6839,156,8180
5229,1558,8171
2986,17681,8165
2550,9690,8159
6468,10988,8144
7680,1060,8136
7656,12975,8115
4259,2916,8105
1944,2574,8093
6042,3935,8092
1793,954,8090
4435,8544,8086
1837,8313,8084
7557,3515,8071
6313,15774,8070
4687,7070,8061
466,7347,8060
5798,1771,8043
2746,15125,8031
7019,8641,8028
4805,1011,8028
6447,14091,8019
5967,2182,8013
7147,2595,8009
5161,12322,8006
284,12158,8001
1263,3047,7983
1681,16460,7979
5533,10721,7971
2782,2698,7966
3112,11192,7937
7378,1673,7926
6706,15007,7918
1151,1123,7918
365,17578,7913
247,3082,7902
3556,17245,7896
5455,16146,7883
2794,9097,7873
4304,2043,7872
5466,2899,7864
1627,12376,7861
903,6927,7858
6135,5149,7852
6670,11739,7847
1007,1094,7841
3874,6003,7830
4358,9472,7820
275,9578,7804
6851,16913,7801
39,7434,7801
6598,5162,7795
6130,3510,7789
7283,14652,7777
3396,8011,7776
6085,12145,7774
4916,2078,7772
5722,12255,7764
266,548,7740
471,14475,7736
7196,7404,7711
2564,9733,7698
6216,9175,7695
2018,1026,7689
5509,1176,7677
4228,10527,7668
3840,3423,7657
2120,4214,7644
2047,674,7638
4138,15846,7629
646,11123,7627
1014,10827,7625
2485,3801,7619
1582,17385,7584
3483,1976,7558
6947,13248,7547
4477,9712,7545
4635,13561,7543
3951,4816,7539
4873,445,7535
537,3862,7533
4614,1819,7527
5841,12781,7526
4332,1012,7498
2532,9109,7492
929,17625,7484
5716,6234,7481
1743,14504,7479
501,1708,7461
7054,1329,7457
953,13319,7455
32,13327,7422
6294,16241,7414
5697,4386,7402
1555,6263,7400
6477,225,7396
4167,6609,7383
2554,11949,7380
335,8316,7376
7653,15968,7365
3053,13829,7358
315,11848,7337
2040,14167,7336
1506,3858,7334
830,14072,7328
1008,6923,7323
4822,3174,7313
5769,4147,7300
1977,12997,7300
2084,1224,7290
2523,5041,7279
4284,8552,7279
7195,8051,7275
3421,459,7272
3529,12261,7255
5226,16030,7241
4811,2518,7240
7319,5617,7220
7233,15969,7217
1758,16461,7214
1811,10560,7213
7406,6120,7206
3968,14634,7196
3269,16171,7195
3236,1633,7195
4910,8541,7193
2270,14210,7184
5977,14253,7175
7643,16291,7174
2806,2897,7173
1920,14882,7170
214,11478,7160
5050,10736,7155
4498,11161,7137
5302,4144,7133
2359,16995,7133
2727,8160,7132
742,11485,7127
1950,405,7122
5671,8437,7116
7489,10582,7104
4001,696,7095
5974,8493,7088
2706,5493,7078
2041,4374,7071
5170,12336,7066
2402,1972,7037
2487,4820,7032
5235,14155,7032
3250,13974,7027
3438,17127,7027
2139,9095,7022
7371,5367,7020
4471,2900,7014
6346,14654,7012
663,953,7001
7184,4669,6990
6431,3506,6990
5511,17714,6987
2740,8174,6983
2529,7130,6981
961,17147,6974
4902,13388,6966
244,10955,6959
4114,13211,6952
288,11479,6942
1041,6512,6940
7467,10019,6936
5053,6632,6934
1025,7630,6927
6381,11937,6924
3632,3740,6919
3575,12329,6917
3471,7485,6910
6527,1853,6910
1387,3331,6895
2728,7253,6889
3490,11740,6877
2044,2705,6875
2225,7293,6872
3956,14146,6867
5807,10633,6865
4072,14973,6865
6398,4533,6858
4966,6418,6850
5959,17216,6847
1842,17555,6847
4720,17539,6830
938,9355,6825
7614,4454,6820
6030,12810,6818
106,7636,6809
129,15597,6809
4188,9089,6803
3352,11030,6799
4534,10294,6797
6171,11935,6797
620,11679,6795
1512,10830,6784
5139,12487,6781
6849,8293,6778
3475,13382,6775
1958,6706,6766
1171,17769,6750
5131,11401,6745
6197,17411,6740
4227,734,6716
1650,9959,6709
2480,17135,6709
5561,6180,6706
2989,3192,6698
4090,3758,6696
916,11526,6691
3675,8199,6691
3759,10271,6667
7555,7773,6663
7637,381,6661
3714,15137,6657
473,10613,6648
3715,14229,6646
2996,8945,6645
6840,10345,6630
4299,7885,6627
3133,15647,6625
542,17181,6625
5845,6904,6606
7226,13459,6606
1448,7355,6602
1833,1479,6600
2668,8613,6599
5333,17112,6592
2978,14377,6580
2859,9108,6579
3734,16199,6572
2259,517,6568
3168,12869,6565
863,11042,6550
2271,15481,6548
3094,16616,6548
4789,6959,6515
1585,3496,6515
6955,2423,6514
4317,12085,6511
6910,13738,6509
2962,15055,6509
1402,15786,6505
5856,10425,6502
4674,16182,6498
517,5220,6493
7344,17549,6493
5938,9014,6488
2012,5254,6476
5428,14194,6450
6002,15171,6446
3683,3796,6443
1993,8980,6441
6825,2033,6435
508,9432,6434
2397,5296,6420
7169,12745,6418
192,17586,6413
5347,4634,6410
871,5751,6403
2115,9042,6401
2334,3397,6386
3466,7308,6385
2064,13634,6363
3234,5455,6360
3056,14820,6358
3096,5118,6351
6752,17614,6329
5210,7854,6321
1146,14248,6317
5955,5612,6310
4927,9677,6309
957,6072,6302
5656,4557,6295
839,11678,6284
1482,1068,6283
3192,6174,6281
6737,15991,6270
7676,16534,6264
5564,10084,6248
5357,2251,6248
6694,8903,6236
4924,14154,6228
4936,16970,6228
5600,6630,6225
336,992,6211
4849,1001,6205
5391,1200,6192
82,171,6191
514,6729,6191
7331,9005,6184
1706,10944,6183
3366,7493,6177
4470,14804,6175
4047,11604,6164
7119,6254,6161
3948,14393,6160
4735,11969,6152
2037,1783,6151
1790,9780,6146
4815,3160,6145
5103,524,6137
3107,1395,6131
2273,9916,6128
3507,12275,6125
7307,9987,6124
4664,535,6111
536,15966,6111
7529,6451,6099
7486,1100,6085
2614,13964,6083
7214,3886,6073
7592,14653,6071
5320,11213,6067
6944,16318,6064
585,1250,6058
6545,13270,6054
3612,7917,6053
1592,7814,6050
447,3135,6049
1738,6666,6036
1956,4677,6016
6970,2386,6014
1141,11442,6012
6761,9364,6006
3570,3542,6004
167,5141,6004
3672,15862,5991
4390,8752,5984
7629,1262,5982
2573,4565,5980
3211,14564,5979
4095,10724,5972
4948,6587,5966
7517,14727,5954
3323,12277,5946
927,7436,5932
4222,15477,5930
6797,17402,5927
1732,3093,5923
5587,533,5916
5385,16768,5910
7328,4247,5910
4294,2731,5892
5991,554,5891
7347,16864,5891
2815,5652,5890
375,825,5873
5948,13702,5871
6619,26,5862
3670,1816,5858
1003,12942,5854
714,8857,5849
7587,11918,5842
7198,1075,5830
3717,7533,5827
7408,4904,5819
1365,9146,5815
596,5963,5811
5801,9410,5799
4589,1602,5798
3847,499,5789
2910,1959,5788
1568,2944,5783
5156,16622,5769
2769,12110,5767
3354,15901,5764
2666,1151,5757
879,17341,5754
5062,12860,5754
578,3453,5750
6776,17628,5747
2881,9134,5743
163,16883,5737
1164,13269,5722
6736,2235,5709
4016,7728,5707
224,3054,5696
3464,6016,5689
5166,6357,5675
7316,15410,5671
1565,3469,5658
673,2188,5657
305,4289,5656
1096,8463,5654
7380,12169,5644
6770,14335,5640
621,8328,5638
4609,6810,5634
1595,13726,5634
6695,2590,5630
6720,4888,5626
2946,2505,5622
5410,12526,5620
2645,12677,5618
1371,12228,5607
2735,3021,5590
7334,10554,5585
3009,15257,5584
6161,14865,5579
6732,17638,5571
2792,2868,5570
3359,1790,5562
5323,17104,5555
5510,268,5546
6523,7588,5544
841,15378,5539
5303,14431,5538
6265,12743,5537
3757,15309,5529
7182,5577,5524
6565,6641,5524
4745,13824,5522
1762,10038,5521
231,4049,5519
264,8699,5515
3443,12739,5512
3292,15444,5503
2060,2711,5499
6733,422,5499
2318,9731,5493
446,13326,5488
1425,14473,5474
3209,10702,5471
4821,14408,5468
6453,16862,5450
6518,10962,5449
3498,7650,5438
685,2375,5436
3454,9331,5436
1130,13916,5421
6057,4069,5415
298,4060,5404
2471,8773,5401
204,9545,5394
996,9351,5384
4206,14796,5380
3268,2104,5378
2651,6616,5376
3104,3582,5376
3406,9469,5372
882,1245,5363
4015,10254,5361
4253,5658,5354
2749,12892,5353
3308,3391,5350
2090,13813,5347
5492,12678,5342
3195,17079,5338
2384,6204,5335
6502,6683,5334
5445,7705,5327
560,12562,5319
3559,5899,5295
5412,17338,5291
2574,12307,5287
5535,16350,5285
1519,15974,5268
6480,13517,5254
2138,11802,5253
2382,10300,5253
4194,4591,5247
7362,13934,5247
1129,9966,5245
6238,390,5243
965,11250,5238
1210,15802,5237
1711,15814,5233
161,11652,5233
7554,9986,5231
299,6677,5223
6858,5947,5218
828,10214,5214
3125,11347,5212
3338,4429,5211
1144,5351,5207
7513,2804,5205
3226,7524,5204
2632,3593,5198
272,8666,5194
4925,5059,5193
6716,13304,5190
5515,240,5185
6636,16903,5181
5551,6816,5180
5190,4568,5175
3696,10073,5175
4105,5467,5166
2587,2882,5164
6044,1844,5162
5017,11366,5160
369,11096,5151
1407,11292,5148
4244,52,5148
4178,15885,5147
638,2177,5144
905,10189,5142
5562,1837,5135
3277,2662,5134
5660,725,5133
5227,652,5130
697,14259,5125
6769,3649,5119
4140,5499,5110
1177,10012,5109
4509,2109,5107
4505,5672,5106
752,15634,5103
2679,1804,5099
4557,10041,5097
6243,14483,5093
7069,11674,5092
5799,15039,5083
5867,8518,5079
5968,11840,5070
4686,17263,5066
3117,11804,5060
1445,4890,5054
4665,253,5051
3148,6161,5045
5096,8839,5044
3138,11435,5040
1698,11496,5039
6580,16687,5039
722,12833,5038
7186,10608,5031
2977,9440,5026
744,1866,5020
1948,4663,5018
2752,9524,5008
6314,3102,4994
1016,8098,4983
1931,16298,4982
7395,1129,4978
6402,16889,4977
5995,232,4977
7607,17428,4976
5479,16185,4972
3404,5253,4971
1730,10951,4969
3160,11384,4967
5292,4636,4964
1911,17435,4963
1284,16847,4949
1119,2199,4948
4838,2256,4946
3813,2701,4935
622,9988,4934
3858,10846,4928
4970,5105,4927
2194,17730,4915
2058,3369,4913
4193,907,4901
3907,12721,4900
5653,16153,4899
1971,3124,4894
2258,10704,4889
6011,8861,4886
3312,16944,4881
2690,10935,4865
3239,7242,4864
1089,12349,4863
5797,17113,4858
6848,817,4851
4513,78,4851
964,1043,4848
3833,894,4845
6120,3276,4845
6811,8536,4841
4800,12086,4835
2028,489,4827
6650,8254,4824
691,8880,4819
3405,11226,4817
6766,6731,4816
1398,10198,4815
5954,3505,4813
114,16908,4799
5298,10125,4798
3283,12459,4791
7179,7360,4790
491,16260,4788
2933,1756,4786
3758,12466,4784
2369,8215,4783
3210,4777,4778
1269,7547,4774
7370,2408,4770
4002,682,4767
279,5342,4766
1222,3084,4765
2038,11590,4763
379,7186,4761
2126,5644,4755
7318,15404,4754
2566,16175,4745
5056,8192,4739
2478,1757,4730
2424,2512,4725
1929,15949,4721
